{
  "175167817": {
    "host": "Hghgghgyuh.aternos.me",
    "port": 15798
  },
  "290521110": {
    "host": "http",
    "port": null
  },
  "353202153": {
    "host": "yusefsk99.aternos.me",
    "port": 53152
  },
  "363326496": {
    "host": "yousuf1020.aternos.me",
    "port": 31348
  },
  "415537233": {
    "host": "jejfned.aternos.me",
    "port": 59687
  },
  "451953222": [
    {
      "ip": "jdbd.aternos.me",
      "port": " 41387"
    },
    {
      "ip": "jdbd.aternos.me",
      "port": " 41387"
    }
  ],
  "454893608": {
    "host": "Yourassstink.aternos.me",
    "port": 53183
  },
  "465698086": {
    "host": "HawtahCraft.aternos.me",
    "port": 14609
  },
  "470146656": {
    "host": "Ali0972-h3YY.aternos.me",
    "port": 33370
  },
  "548348689": {
    "host": "WantlessWolf966",
    "port": 28669
  },
  "655313174": {
    "host": "SF-T1lp.aternos.me",
    "port": 14905
  },
  "666027113": {
    "host": "boy1s.aternos.me",
    "port": 46949
  },
  "674189550": {
    "host": "Ravenoutlow-pZMS.aternos.me",
    "port": 26392
  },
  "706466340": {
    "host": "host",
    "port": null
  },
  "724102995": {
    "host": "RAYANECRAFTGT.aternos.me",
    "port": 43253
  },
  "790544162": {
    "host": "Hypel.aternos.me",
    "port": 31814
  },
  "822838557": {
    "host": "Khalid47.aternos.me",
    "port": 45378
  },
  "824161208": {
    "host": "jzcck.aternos.me",
    "port": 21930
  },
  "853308213": {
    "host": "host",
    "port": null
  },
  "871079342": {
    "host": "ABBASKLG.aternos.me ",
    "port": 25081
  },
  "875133092": [
    {
      "host": "asdq.aternos.me",
      "port": 26662
    }
  ],
  "875930290": {
    "host": "mearpp-vWAS.aternos.me",
    "port": 45793
  },
  "885090984": {
    "host": "Hsseinl-D8zB.aternos.me",
    "port": 39060
  },
  "894284107": [
    {
      "host": "blodcraft-bISe.aternos.me",
      "port": 47948
    }
  ],
  "913210712": {
    "host": "Koty7777-IntX.aternos.me",
    "port": 42132
  },
  "935974667": {
    "host": "Hellokitty-sABe.aternos.me ",
    "port": 37646
  },
  "955111426": {
    "host": "Salh1244.aternos.me",
    "port": 13382
  },
  "965966175": {
    "host": "aliu6.aternos.me",
    "port": 39761
  },
  "969988427": [
    {
      "host": "mwmwmw7.aternos.me",
      "port": 15312
    }
  ],
  "976440132": {
    "host": "host",
    "port": null
  },
  "1009013581": {
    "host": "mAhDii9.aternos.me",
    "port": 21096
  },
  "1018251074": {
    "host": "jsjsjxhdjszjxd.aternos.me",
    "port": 44891
  },
  "1026337126": {
    "host": "QAQM.aternos.me",
    "port": 32298
  },
  "1038890627": {
    "host": "almagoadah.aternos.me ",
    "port": 33809
  },
  "1054733101": {
    "host": "Ali_Zayrox.aternos.me",
    "port": 58507
  },
  "1092862293": {
    "host": "mohmm765.aternos.me",
    "port": 34007
  },
  "1093612265": {
    "host": "ItzPRO1n.aternos.me ",
    "port": 31736
  },
  "1105202291": {
    "host": "Almlycraft12.aternos.me",
    "port": 47608
  },
  "1117398488": {
    "host": "mli222.aternos.me",
    "port": 12593
  },
  "1133473859": {
    "host": "1234-w6bn.aternos.me ",
    "port": 13956
  },
  "1139125254": {
    "host": "kjaaroon.aternos.me",
    "port": 63813
  },
  "1164890612": {
    "host": "host",
    "port": null
  },
  "1191981921": {
    "host": "ali71233.aternos.me",
    "port": 16913
  },
  "1196588445": {
    "host": "iraq-FTpX.aternos.me",
    "port": 33024
  },
  "1201367908": {
    "host": "Starcraft-PeP3.aternos.me",
    "port": 46832
  },
  "1212339284": {
    "host": "YF_LAST_BREATH.aternos.me",
    "port": 15771
  },
  "1212862570": {
    "host": "scxcccf00-D9Gh.aternos.me",
    "port": 29116
  },
  "1213586122": {
    "host": "ziemkoiu.aternos.me",
    "port": 29735
  },
  "1213886468": {
    "host": "manoo18.aternos.me",
    "port": 29717
  },
  "1227548017": {
    "host": "esa980.aternos.me",
    "port": 37147
  },
  "1228617863": {
    "host": "1D44.aternos.me",
    "port": 42100
  },
  "1229320174": {
    "host": "MahdiBr.aternos.me",
    "port": 52942
  },
  "1233611379": {
    "host": "M7MDrokea-w6LX.aternos.me ",
    "port": 13028
  },
  "1233852059": {
    "host": "M-A-K-Y.aternos.me",
    "port": 15867
  },
  "1246390613": {
    "host": "batman_32l.aternos.me",
    "port": 28393
  },
  "1250564068": {
    "host": "MinePiece99.aternos.me",
    "port": 45610
  },
  "1260429694": {
    "host": "hfgjjgff.aternos.me",
    "port": 11449
  },
  "1276522836": {
    "host": "27563",
    "port": null
  },
  "1286778258": {
    "host": "CRE_V6.aternos.me",
    "port": 50361
  },
  "1289593051": {
    "host": "Hots",
    "port": 31563250179158
  },
  "1290268593": {
    "host": "castwhistle8503-uYqz.aternos.me",
    "port": 46559
  },
  "1299788947": [
    {
      "ip": "alliexpress3.aternos.me ",
      "port": " 51200"
    }
  ],
  "1309177595": {
    "host": "nothing0911.aternos.me ",
    "port": 22970
  },
  "1310601288": {
    "host": "TZXZm.aternos.me",
    "port": 30420
  },
  "1322220832": {
    "host": "AMER110-RUZU.aternos.me",
    "port": 39757
  },
  "1331597349": {
    "host": "CR7DDJJ.aternos.me",
    "port": 47262
  },
  "1336514483": {
    "host": "Monster0.aternos.me ",
    "port": 40294
  },
  "1337250521": {
    "host": "Aahhmmeedd.aternos.me",
    "port": 48068
  },
  "1349737386": {
    "host": "mine_sol.aternos.me",
    "port": 11491
  },
  "1352803854": {
    "host": "FG_Redsone.aternos.me",
    "port": 27411
  },
  "1355820230": {
    "host": "Minestar155.aternos.me",
    "port": 54820
  },
  "1356763155": {
    "host": "Boxpvp-00.aternos.me ",
    "port": 40094
  },
  "1359089906": {
    "host": "Iron_negat.aternos.me",
    "port": 18530
  },
  "1362620913": {
    "host": "Noobscraft-cPMP.aternos.me",
    "port": 43148
  },
  "1363129585": {
    "host": "gold.magmanode.com",
    "port": 34642
  },
  "1375979938": {
    "host": "SkyCraftseasn1.aternos.me",
    "port": 52480
  },
  "1386168376": {
    "host": "k6an.aternos.me",
    "port": 56367
  },
  "1388065097": {
    "host": "yunnaa611.aternos.me",
    "port": 55498
  },
  "1400594494": {
    "host": "dlwm234.aternos.me",
    "port": 28459
  },
  "1401916389": {
    "host": "http",
    "port": null
  },
  "1403741749": {
    "host": "DDMMR.aternos.me",
    "port": 53910
  },
  "1403988540": [
    {
      "host": "r691.aternos.me",
      "port": 62577
    },
    {
      "host": "r691.aternos.me",
      "port": 62577
    }
  ],
  "1408368984": {
    "host": "12alf.aternos.me",
    "port": 47261
  },
  "1410868125": {
    "host": "mohameed8.aternos.me",
    "port": 26136
  },
  "1414569186": {
    "host": "Ieieiri7i4.aternos.me",
    "port": 53825
  },
  "1418940496": {
    "host": "http",
    "port": null
  },
  "1422951712": [
    {
      "host": "danger813.aternos.me",
      "port": 55859
    },
    {
      "host": "danger813.aternos.me",
      "port": 55859
    },
    {
      "host": "danger813.aternos.me",
      "port": 55859
    },
    {
      "host": "danger813.aternos.me",
      "port": 55859
    }
  ],
  "1423629046": {
    "host": "ZRX_CRAFT.aternos.me",
    "port": 38939
  },
  "1424992751": {
    "host": "syriacraft17.aternos.me",
    "port": 43409
  },
  "1425465278": {
    "host": "thewalkingdeadsneaks.aternos.me",
    "port": 57967
  },
  "1425861458": {
    "host": "mrgameriraq.aternos.me",
    "port": 49778
  },
  "1426872747": {
    "host": "Mohamedismuslim.aternos.me",
    "port": 27089
  },
  "1426926714": {
    "host": "rad7a7er-FQe1.exaroton.me",
    "port": 16118
  },
  "1427097108": {
    "host": "hx5td445iz.aternos.me",
    "port": 42999
  },
  "1427424745": {
    "host": "igvjh-yqy3.aternos.me",
    "port": 16277
  },
  "1433861004": {
    "host": "Ghassan_marwan.aternos.me",
    "port": 24815
  },
  "1434699148": {
    "host": "Zoromaxtra123.aternos.me",
    "port": 37093
  },
  "1435981747": {
    "host": "rucop1988.aternos.me",
    "port": 60447
  },
  "1437465507": {
    "host": "host ",
    "port": null
  },
  "1438634454": {
    "host": "karbalacraft.aternos.me",
    "port": 64775
  },
  "1446793578": {
    "host": "ahshswi-K7BL.aternos.me",
    "port": 13178
  },
  "1447142108": [
    "Harbaki.aternos.me:17503"
  ],
  "1447775157": {
    "host": "http",
    "port": null
  },
  "1451595150": [
    {
      "host": "BLACKLIST3.aternos.me",
      "port": 59737
    }
  ],
  "1451624853": {
    "host": "MadaraXRPG.aternos.me",
    "port": 23267
  },
  "1451964674": {
    "host": "16442",
    "port": null
  },
  "1452880455": {
    "host": "Pihsikwlwk.aternos.me",
    "port": 47816
  },
  "1453049194": {
    "host": "a8981714-djjn.aternos.me",
    "port": 47152
  },
  "1455796432": {
    "host": "ooo123.aternos.me",
    "port": 51394
  },
  "1456082674": {
    "host": "7012-o3eM.aternos.me",
    "port": 42439
  },
  "1457263055": {
    "host": "Wisam207.aternos.me",
    "port": 37983
  },
  "1461547666": {
    "host": "Thegreatest-frWG.aternos.me",
    "port": 35787
  },
  "1461992733": {
    "host": "kareemba-e7Gh.aternos.me",
    "port": 46470
  },
  "1464632007": {
    "host": "Creepercraft11-syAC.aternos.me",
    "port": 39153
  },
  "1468800052": [],
  "1473147164": {
    "host": "M712-fO1l.aternos.me",
    "port": 59769
  },
  "1478945615": {
    "host": "Albo_mashkal.aternos.me",
    "port": 22715
  },
  "1480931658": {
    "host": "Muzmuz67-kf0f.aternos.me",
    "port": 38674
  },
  "1481150428": {
    "host": "aqeel_stelo-9C7b.aternos.me",
    "port": 60247
  },
  "1481376742": {
    "host": "20112-mxfM.aternos.me",
    "port": 48289
  },
  "1482538161": {
    "host": "Boys888.aternos.me",
    "port": 22008
  },
  "1483864818": {
    "host": "Ali69abuhsen.aternos.me",
    "port": 61033
  },
  "1484970086": {
    "host": "Jobi-sEK6.aternos.me",
    "port": 56170
  },
  "1489440488": {
    "host": "LEYO9.aternos.me",
    "port": 18173
  },
  "1493086461": {
    "host": "Rinoski.aternos.me ",
    "port": 43072
  },
  "1493793372": {
    "host": "HaiderSameer.aternos.me",
    "port": 56837
  },
  "1493997305": {
    "host": "cwx_f-cmjP.aternos.me",
    "port": 26056
  },
  "1496959879": {
    "host": "Krar1003.aternos.me",
    "port": 28216
  },
  "1505983176": {
    "host": "crazycraft-t52g.aternos.me",
    "port": 20387
  },
  "1506430788": {
    "host": "Mntzrjlal377.aternos.me ",
    "port": 41734
  },
  "1530682776": {
    "host": "ali332225.aternos.me",
    "port": 13170
  },
  "1537299065": {
    "host": "Hdndhr.aternos.me",
    "port": 36511
  },
  "1538411260": {
    "host": "HOP10.aternos.me",
    "port": 11911
  },
  "1539560524": {
    "host": "mhdi1236-Nnyg.aternos.me",
    "port": 26793
  },
  "1540115557": {
    "host": "https",
    "port": null
  },
  "1545433824": {
    "host": "emerald.magmanode.com",
    "port": 30060
  },
  "1570797157": {
    "host": "Hssen1234567.aternos.me",
    "port": 43263
  },
  "1575157253": {
    "host": "2103-CYTg.aternos.me",
    "port": 60542
  },
  "1577024514": {
    "host": "Sky_Armys-Sxmg.aternos.me",
    "port": 59610
  },
  "1591971832": {
    "host": "5Z3L-DHNU.aternos.me",
    "port": 30818
  },
  "1593459076": {
    "host": "sseezzaa.aternos.me",
    "port": 11110
  },
  "1602953803": {
    "host": "ahmedqrj2007-LCAc.aternos.me",
    "port": 64946
  },
  "1603145202": {
    "host": "http",
    "port": null
  },
  "1605717891": {
    "host": "samrfarss-FZVi.aternos.me",
    "port": 59272
  },
  "1611722806": {
    "host": "Peorke.aternos.me",
    "port": 41780
  },
  "1611954243": [
    {
      "host": "Adham-oCoR.aternos.me",
      "port": 51356
    }
  ],
  "1614995204": {
    "host": "TOSTCRAFT-7pQj.aternos.me",
    "port": 60679
  },
  "1622308154": {
    "host": "MSMS-Wxjl.aternos.me",
    "port": 49437
  },
  "1631872006": {
    "host": "gppoo56499-iq0W.aternos.me",
    "port": 21945
  },
  "1634966629": {
    "host": "MOTYCRAFT1020.aternos.me",
    "port": 50090
  },
  "1636348104": {
    "host": "alisarmad22121.aternos.me",
    "port": 63663
  },
  "1636406243": {
    "host": "firstcraft1888.aternos.me ",
    "port": 36480
  },
  "1637115516": {
    "host": "ddd1443.aternos.me",
    "port": 37409
  },
  "1638131969": {
    "host": "mommn-qfPP.aternos.me",
    "port": 16434
  },
  "1645420949": {
    "host": "Aeham1055-11RD.aternos.me",
    "port": 44897
  },
  "1653587127": {
    "host": "Hdjdfhh3i3h.aternos.me",
    "port": 12249
  },
  "1657672510": {
    "host": "Iraq72-GrnS.aternos.me",
    "port": 16507
  },
  "1658485115": {
    "host": "draao.aternos.me",
    "port": 54306
  },
  "1658841435": {
    "host": "Botmine.aternos.me",
    "port": 45095
  },
  "1660207256": {
    "host": "JAFR2009.aternos.me",
    "port": 42421
  },
  "1662087702": {
    "host": "Aebbd.aternos.me",
    "port": 59380
  },
  "1662753047": {
    "host": "BAJAT.aternos.me",
    "port": 62273
  },
  "1666508076": {
    "host": "Ptata.aternos.me",
    "port": 37033
  },
  "1680699825": {
    "host": "TRAU7-wGtX.aternos.me",
    "port": 50229
  },
  "1686105849": {
    "host": "bonytail.aternos.host",
    "port": 54541
  },
  "1691798236": {
    "host": "Phantom_1craft.aternos.me",
    "port": 41770
  },
  "1692354840": {
    "host": "jdo_11-mSuL.aternos.me",
    "port": 59206
  },
  "1699106177": {
    "host": "VA1LM12-mPpQ.aternos.me",
    "port": 22672
  },
  "1699666743": {
    "host": "Anas-xPQ8.aternos.me",
    "port": 54116
  },
  "1700956365": {
    "host": "ZA3EM99900.aternos.me  ",
    "port": 32532
  },
  "1708326252": {
    "host": "http",
    "port": null
  },
  "1714738742": {
    "host": "V6_92.aterons.me",
    "port": 28768
  },
  "1741948107": {
    "host": "MOMPI-2Odj.aternos.me",
    "port": 51105
  },
  "1746684190": {
    "host": "https",
    "port": null
  },
  "1763801848": {
    "host": "jhjj417-8iBB.aterons.me",
    "port": 34261
  },
  "1769461310": {
    "host": "Crazy5.aternos.me",
    "port": 54348
  },
  "1772041890": {
    "host": "Haider15555.aternos.me",
    "port": 24164
  },
  "1773145118": {
    "host": "tfgftffc-83BQ.aternos.me",
    "port": 26384
  },
  "1781182697": {
    "host": "2010Yousef2010.aternos.me ",
    "port": 28924
  },
  "1783151421": {
    "host": "arbcraft-FiX1.aternos.me ",
    "port": 37642
  },
  "1786388668": {
    "host": "Bedrockcraft-uIMJ.aternos.me",
    "port": 63563
  },
  "1789865445": {
    "host": "Yusef92-pKmO.aternos.me ",
    "port": 19605
  },
  "1803089016": {
    "host": "hussein5113.aternos.me",
    "port": 31395
  },
  "1806848233": {
    "host": "Kraft-xU1i.aternos.me",
    "port": 34211
  },
  "1832616436": {
    "host": "http",
    "port": null
  },
  "1841717304": {
    "host": "‏Ghoste_craft1.aternos.me",
    "port": 64987
  },
  "1843762555": {
    "host": "mmoopprr123.aternos.me",
    "port": 33535
  },
  "1857144446": [
    "al-zenji.aternos.me:32426"
  ],
  "1872101462": {
    "host": "q_j2j-ebZM.aternos.me",
    "port": 20951
  },
  "1878517077": {
    "host": "djcuj-tivv.aternos.me",
    "port": 44672
  },
  "1880000342": {
    "host": "musli8-MpTJ.aternos.me",
    "port": 57973
  },
  "1882605309": {
    "host": "A5oea2.aternos.me",
    "port": 20811
  },
  "1894319686": {
    "host": "salarm12-JMG3.aternos.me ",
    "port": 28231
  },
  "1901421414": {
    "host": "cr881.aternos.me",
    "port": 32189
  },
  "1902943907": {
    "host": "GAMERS0213.aternos.me",
    "port": 23603
  },
  "1908145553": {
    "host": "http",
    "port": null
  },
  "1924951867": {
    "host": "http",
    "port": null
  },
  "1927959002": {
    "host": "MGWarCraft.aternos.me",
    "port": 63248
  },
  "1936911238": {
    "host": "maiaiaije.aternos.me",
    "port": 52133
  },
  "1937343129": [
    {
      "host": "RIDHAAamm.aternos.me",
      "port": 35037
    }
  ],
  "1967010914": {
    "host": "pubg_craft2.aternos.me",
    "port": 35169
  },
  "1967707951": {
    "host": "slomslom1.aternos.me ",
    "port": 17215
  },
  "1976181070": {
    "host": "Hussein0581.aternos.me",
    "port": 36122
  },
  "1987895001": {
    "host": "1omeriste.aternos.me",
    "port": 29550
  },
  "2001507840": [
    {
      "host": "HUASYNxGX.aternos.me",
      "port": 37236
    }
  ],
  "2005443644": {
    "host": "mahmoodxc10.aternos.me",
    "port": 19436
  },
  "2016203184": {
    "host": "Afaf85.aternos.me",
    "port": 51014
  },
  "2018919819": {
    "host": "EMERELD_2.aternos.me",
    "port": 19195
  },
  "2019265578": {
    "host": "1234-ca5m.aternos.me",
    "port": 44102
  },
  "2023523827": {
    "host": "MOHAMEDpanda12.aternos.me",
    "port": 42319
  },
  "2026696329": {
    "host": "host",
    "port": null
  },
  "2040934008": {
    "host": "wwwwpqod-cfua.aternos.me",
    "port": 22658
  },
  "2041656076": {
    "host": "Woodcraft1.aternos.me",
    "port": 27827
  },
  "2053726172": {
    "host": "hfnmd-B5KM.aternos.me",
    "port": 43088
  },
  "2059478249": {
    "host": "MOMO8794-jkxX-TnR5.aternos.me",
    "port": 59111
  },
  "2059620983": {
    "host": "Eltra.aternos.me",
    "port": 56830
  },
  "2062951024": {
    "host": "Craft82.aternos.me",
    "port": 15702
  },
  "2067299423": {
    "host": "MG71.aternos.me",
    "port": 61488
  },
  "2067834181": {
    "host": "Awew0901",
    "port": 54555
  },
  "2072662044": [
    {
      "host": "ATROCR7.aternos.me",
      "port": 42996
    }
  ],
  "2079394607": [
    {
      "host": "LanDcraFt1-zeyv.aternos.me",
      "port": 17580
    }
  ],
  "2079900419": {
    "host": "http",
    "port": null
  },
  "2080897934": {
    "host": "12525",
    "port": null
  },
  "2081407203": {
    "host": "arapcraft3131-qkjh.aternos.me ",
    "port": 53414
  },
  "2087097132": {
    "host": "hammerjaw.aternos.host",
    "port": 36385
  },
  "2099773925": [
    {
      "ip": "Akatsuki-8lHM.aternos.me",
      "port": "16854"
    },
    {
      "ip": "Akatsuki-8lHM.aternos.me ",
      "port": "16854"
    }
  ],
  "2102675821": {
    "host": "pwercity.aternos.me",
    "port": 46637
  },
  "2103568248": {
    "host": "RT_Craft.aternos.me",
    "port": 52973
  },
  "2104784082": {
    "host": "iopjt.aternos.me",
    "port": 50855
  },
  "2105440795": {
    "host": "1234-dtzJ.aternos.me",
    "port": 58135
  },
  "2106703459": {
    "host": "http",
    "port": null
  },
  "2107807407": [
    {
      "host": "RidhaIQ9.aternos.me",
      "port": 42459
    }
  ],
  "2110926815": {
    "host": "AHMED_7G.aternos.me",
    "port": 59122
  },
  "2111616018": {
    "host": "oneblockveryhardM.aternos.me",
    "port": 54260
  },
  "2112562811": {
    "host": "draao.aternos.me",
    "port": 54306
  },
  "2114310090": {
    "host": "jMip.aternos.me",
    "port": 47636
  },
  "2114376362": {
    "host": "AJAY7878.aternos.me",
    "port": 38813
  },
  "2114556144": {
    "host": "minecraftatratr.aternos.me",
    "port": 30800
  },
  "2116498938": {
    "host": "Hard__Live.aternos.me",
    "port": 55690
  },
  "2120834166": {
    "host": "AAg7.aternos.me",
    "port": 30828
  },
  "2123126347": {
    "host": "/Shadow200777.aternos.me",
    "port": 17693
  },
  "2134978155": {
    "host": "HeroKraft.aternos.me",
    "port": 48303
  },
  "2140721296": {
    "host": "razi9946.aternos.me",
    "port": 36099
  },
  "2143572297": {
    "host": "RomaxMc.aternos.me",
    "port": 38887
  },
  "8083623787": {
    "host": "Houcine702-09xV.aternos.me",
    "port": 19031
  },
  "8058095491": {
    "host": "MUAL.aternos.me",
    "port": 14220
  },
  "8169442823": {
    "host": "6m1_0.aternos.me",
    "port": 41621
  },
  "7388225718": {
    "host": "ghhdsss.aternos.me",
    "port": 18385
  },
  "6904859246": {
    "host": "host",
    "port": null
  },
  "7349494444": {
    "host": "AR7R.aternos.me",
    "port": 57517
  },
  "6223369992": {
    "host": "palmer1020-dQQd.aternos.me",
    "port": 49060
  },
  "5076694896": {
    "host": "Abbas3300-Cq7H.aternos.me",
    "port": 17172
  },
  "6579183708": {
    "host": "IronCraft-u8I2.aternos.me",
    "port": 37321
  },
  "6596946677": {
    "host": "DiamondKraft-1V9l.aternos.me",
    "port": 29402
  },
  "6774619021": {
    "host": "Elmore-dcZ4.aternos.me ",
    "port": 51691
  },
  "5131520328": {
    "host": "hemo136.aternos.me",
    "port": 45759
  },
  "7133030887": {
    "host": "http",
    "port": null
  },
  "5992391276": {
    "host": "http",
    "port": null
  },
  "7157554842": {
    "host": "http",
    "port": null
  },
  "6927531377": {
    "host": "Legend_Craft-bghm.aternos.me",
    "port": 34602
  },
  "7182723079": {
    "host": "hemo136.aternos.me",
    "port": 45759
  },
  "7618616897": {
    "host": "youssef788776.aternos.me",
    "port": 57147
  },
  "7340981411": {
    "host": "Allawi443.aternos.me",
    "port": 62121
  },
  "7196663865": {
    "host": "oceancraft.aternos.me",
    "port": 48046
  },
  "5792861854": {
    "host": "moonstercraft",
    "port": 23929
  },
  "7849570091": {
    "host": "http",
    "port": null
  },
  "7712773687": {
    "host": "husaiblaiab.aternos.me",
    "port": 21006
  },
  "5430805687": {
    "host": "ab66.aternos.me",
    "port": 33866
  },
  "7499219814": {
    "host": "PvP77710.aternos.me",
    "port": 34205
  },
  "7327080021": {
    "host": "dataCRAFThh.aternos.me",
    "port": 28065
  },
  "7920264371": {
    "host": "kopkop123vcfd-J-D9Hi.aternos.me",
    "port": 58634
  },
  "7120444993": {
    "host": "z5hmo.aternos.me",
    "port": 30049
  },
  "5066520434": {
    "host": "Abood626-ORzw.aternos.me",
    "port": 37169
  },
  "6086029916": {
    "host": "host",
    "port": null
  },
  "7385410522": {
    "host": "ip",
    "port": null
  },
  "6579882882": {
    "host": "host",
    "port": null
  },
  "5629014524": {
    "host": "46Yasser-ZvQ2.aternos.me",
    "port": 47883
  },
  "7946714192": {
    "host": "https",
    "port": null
  },
  "8030907104": {
    "host": "Johnny_6633.aternos.me",
    "port": 18469
  },
  "7655320307": {
    "host": "zero_city.aternos.me",
    "port": 51022
  },
  "7554857986": {
    "host": "host",
    "port": null
  },
  "6549411281": {
    "host": "HSON921.aternos.me",
    "port": 45779
  },
  "5046764504": {
    "host": "Familyc1.aternos.me ",
    "port": 32340
  },
  "5663398289": {
    "host": "http",
    "port": null
  },
  "6673982050": {
    "host": "http",
    "port": null
  },
  "6940482890": {
    "host": "aass19tf-wCHA.aternos.me",
    "port": 34214
  },
  "5964643159": {
    "host": "vkeb.aternos.me",
    "port": 34037
  },
  "5533365638": {
    "host": "https",
    "port": null
  },
  "7936509966": {
    "host": "NetherCraft7.aternos.me",
    "port": 22208
  },
  "7557966004": {
    "host": "MH200733.aternos.me",
    "port": 29718
  },
  "5778777136": {
    "host": "http",
    "port": null
  },
  "8014702747": {
    "host": "Host",
    "port": null
  },
  "7553193465": {
    "host": "Ali123gfg.aternos.me",
    "port": 49388
  },
  "6434753838": {
    "host": "SPIDERCRAFTT.aternos.me",
    "port": 24464
  },
  "5795472321": {
    "host": "mmmmm-YJJO.aternos.me",
    "port": 32785
  },
  "7967080880": {
    "host": "Mdhgfsg55-8duF.aternos.me",
    "port": 18294
  },
  "6862811336": {
    "host": "AliFiras1000-CmHu.aternos.me",
    "port": 19537
  },
  "7720319633": {
    "host": "mmmmm-YJJO.aternos.me",
    "port": 32785
  },
  "Phantom_1craft.aternos.me:41770": "Phantom_1craft.aternos.me:41770",
  "husaiblaiab.aternos.me:21006": "husaiblaiab.aternos.me:21006",
  "ip:por": "ip:por",
  "5165530991": [
    {
      "ip": "Westeros83.aternos.me ",
      "port": " 43897"
    }
  ],
  "7856611107": {
    "host": "IRAQCRAFT-DUrQ.aternos.me",
    "port": 61664
  },
  "5519639029": {
    "host": "aloshxrepo-qMLg.aternos.me",
    "port": 51190
  },
  "7669749625": [
    {
      "ip": "omk1-xP8f.aternos.me",
      "port": "11524"
    }
  ],
  "7505548681": [],
  "7943519329": {
    "host": "TimKraft-Pm5F.aternos.me",
    "port": 55134
  },
  "7706109413": [
    {
      "ip": "TableCraft-44Tp.aternos.me",
      "port": " 35653"
    }
  ],
  "8146693182": [
    {
      "ip": "tligram.aternos.me",
      "port": "25752"
    },
    {
      "ip": "tligram.aternos.me",
      "port": "25752"
    }
  ],
  "7438705259": [
    {
      "ip": "MyBA-qz9J.aternos.me",
      "port": "      59207"
    },
    "MyBA-qz9J.aternos.me:      59207"
  ],
  "5093114571": [
    {
      "ip": "http",
      "port": "//ELSQ3AN.aternos.me"
    }
  ],
  "6106573520": {
    "host": "Yusifgamer123.aternos.me",
    "port": 49429
  },
  "6046453140": {
    "host": "Mustafa_xx123.aternos.me",
    "port": 35591
  },
  "7268966153": {
    "host": "Harbaki.aternos.me",
    "port": 17503
  },
  "6495988900": {
    "host": "isha57.aternos.me",
    "port": 59036
  },
  "7452484752": {
    "host": "Kontrcraft.aternos.me",
    "port": 16636
  },
  "7334270735": {
    "host": "http",
    "port": null
  },
  "7375980599": {
    "host": "NRS3-7PoN.aternos.me",
    "port": 36619
  },
  "6534136787": {
    "host": "wrwd0976.aternos.me",
    "port": 16053
  },
  "6031826873": {
    "host": "‏NRS3-7PoN.aternos.me",
    "port": 36619
  },
  "5782261858": {
    "host": "HESSON_23422.aternos.me",
    "port": 46414
  },
  "7150391506": {
    "host": "birnsa.aternos.me",
    "port": 24952
  },
  "6442719304": {
    "host": "hussienali123.aternos.me",
    "port": 25351
  },
  "6738850402": {
    "host": "bacenpoch-vCrQ.aternos.me",
    "port": 20602
  },
  "7041061038": {
    "host": "krven999.aternos.me",
    "port": 39890
  },
  "7057975206": {
    "host": "ijnup.aternos.me",
    "port": 19772
  },
  "7736064529": {
    "host": "Better__life.aternos.me",
    "port": 37546
  },
  "7321622039": {
    "host": "Baqer125.aternos.me",
    "port": 42999
  },
  "6643862887": {
    "host": "📥 أرسل الهوست والبورت بهذا الشكل",
    "port": null
  },
  "7850438885": {
    "host": "september2.aternos.me",
    "port": 41361
  },
  "5007449145": {
    "host": "t123-ZCyk.aternos.me",
    "port": 37277
  },
  "7555119784": {
    "host": "REALABDOU.aternos.me",
    "port": 16445
  },
  "8021018079": {
    "host": "CNCARFT.aternos.me",
    "port": 57033
  },
  "7013031719": {
    "host": "MAH200916.aternos.me",
    "port": 42961
  },
  "6685603646": {
    "host": "Ankl-bOMm.aternos.me",
    "port": 30987
  },
  "6397955329": {
    "host": "Abwd090.aternos.me ",
    "port": 43261
  },
  "6473257218": {
    "host": "hussain4624.aternos.me",
    "port": 43804
  },
  "7526618701": {
    "host": "husseinkrat.aternos.me",
    "port": 30726
  },
  "7502332234": {
    "host": "2000hkr.aternos.me",
    "port": 42699
  },
  "6258925440": {
    "host": "bladecraft-wImY.aternos.me",
    "port": 59975
  },
  "6686596601": {
    "host": "http",
    "port": null
  },
  "6404230042": {
    "host": "Ebra_1-OA5e.aternos.me",
    "port": 21420
  },
  "7110458954": {
    "host": "Ali0972-h3YY.aternos.me",
    "port": 33370
  },
  "6564072562": {
    "host": "Mohamed20M.aternos.me",
    "port": 28514
  },
  "5229428191": {
    "host": "Sajjad.aternos.me",
    "port": 19132
  },
  "6612815896": {
    "host": "JUSTSURVIVE-5a0j.aternos.me",
    "port": 20918
  },
  "5548586485": {
    "host": "http",
    "port": null
  },
  "7544636371": {
    "host": "📥 أرسل الهوست والبورت بهذا الشكل",
    "port": null
  },
  "6118214232": {
    "host": "REALABDOU-6J2e.aternos.me",
    "port": 24531
  },
  "6560826963": {
    "host": "Lufex.aternos.me",
    "port": 61111
  },
  "7799667836": {
    "host": "host",
    "port": null
  },
  "7084967666": {
    "host": "MAHDE201213.aternos.me",
    "port": 50770
  },
  "7962720233": {
    "host": "host",
    "port": null
  },
  "6691290051": {
    "host": "sigma-boys-mCzz.aternos.me",
    "port": 44716
  },
  "7320190064": {
    "host": "fire_craft.aternos.me",
    "port": 41672
  },
  "7207554564": {
    "host": "minecm.aternos.me",
    "port": 13215
  },
  "5828770904": {
    "host": "Mohsn1576.aternos.me\nPort",
    "port": 25049
  },
  "5948899420": {
    "host": "DIA1-8Kmb.aternos.me",
    "port": 36835
  },
  "7804118546": {
    "host": "otakoumir-lWRH.aternos.me ",
    "port": 58381
  },
  "7382098433": {
    "host": "MR1MOMAL-dwXz.aternos.me",
    "port": 47711
  },
  "6450731083": {
    "host": "ahmadqopprub.aternos.me",
    "port": 22644
  },
  "7480433534": {
    "host": "Abbas9665.aternos.me",
    "port": 32849
  },
  "7707835559": {
    "host": "frends55.aternos.me",
    "port": 27785
  },
  "7244216595": {
    "host": "Cland-World.aternos.me",
    "port": 12843
  },
  "8080393853": {
    "host": "kudu.aternos.host",
    "port": 23285
  },
  "6154171199": {
    "host": "kold.aternos.me",
    "port": 19331
  },
  "6084234818": {
    "host": "IraqCraft6.aternos.me",
    "port": 16997
  },
  "7328084570": {
    "host": "https",
    "port": null
  },
  "6535494104": {
    "host": "z5hmo.aternos.me",
    "port": 30049
  },
  "7450329147": {
    "host": "Ammar55655.aternos.me",
    "port": 55430
  },
  "7762316414": {
    "host": "host",
    "port": null
  },
  "5788037216": {
    "host": "https",
    "port": null
  },
  "7919444850": {
    "host": "Procraft-sYkV.aternos.me",
    "port": 18670
  },
  "7808473295": {
    "host": "hdjdjije.aternos.me",
    "port": 43721
  },
  "6752311998": {
    "host": "hsan_a.aternos.me",
    "port": 19068
  },
  "7102213029": {
    "host": "MASTOL_CRAFTE.aternos.me",
    "port": 11615
  },
  "7857438382": {
    "host": "LifeSteal82400.aternos.me",
    "port": 51686
  },
  "6356436659": {
    "host": "Zm_TIM.aternos.me",
    "port": 33693
  },
  "6460978769": {
    "host": "mohammed4581.aternos.me",
    "port": 14016
  },
  "7724984813": {
    "host": "Abdullahxxx.aternos.me",
    "port": 33762
  },
  "6272619483": {
    "host": "MestoXmxa.aternos.me",
    "port": 24190
  },
  "6479333284": {
    "host": "CR_nisreen_7.aternos.me",
    "port": 33512
  },
  "5796600442": {
    "host": "hosen1324.aternos.me",
    "port": 57457
  },
  "5333008229": {
    "host": "atewosh.aternos.me",
    "port": 21121
  },
  "7838370933": {
    "host": "host",
    "port": null
  },
  "7418342869": {
    "host": "Craftserver-qmss.aternos.me",
    "port": 32769
  },
  "7712241287": {
    "host": "Fire3craft.aternos.me",
    "port": 26701
  },
  "7141480280": {
    "host": "Fire3craft.aternos.me",
    "port": 26701
  },
  "7108055757": {
    "host": "Rushspire.aternos.me",
    "port": 34353
  },
  "6099573583": {
    "host": "BotFtemabroo-YyO5.aternos.me\n ",
    "port": 21987
  },
  "6435968027": {
    "host": "Sopurdert.aternos.me",
    "port": 54243
  },
  "6869511671": {
    "host": "Tz5r5-Sjn0.aternos.me",
    "port": 33826
  },
  "6664494140": {
    "host": "host",
    "port": null
  },
  "6811435029": {
    "host": "Hassan159632-4LDd.aternos.me",
    "port": 16647
  },
  "6650973352": {
    "host": "Vannila-UHaG.aternos.me",
    "port": 48586
  },
  "6637611076": {
    "host": "Night0Craft.aternos.me",
    "port": 51380
  },
  "5686707568": {
    "host": "scati666.aternos.me",
    "port": 47790
  },
  "7689108358": {
    "host": "ekkdb-OlBP.aternos.me",
    "port": 40649
  },
  "7015596480": {
    "host": "AYZIcarft.aternos.me",
    "port": 23090
  },
  "5613731365": {
    "host": "ali45551.aternos.me",
    "port": 52478
  },
  "6619844360": {
    "host": "hamzaelyamany.aternos.me",
    "port": 20197
  },
  "6058202687": {
    "host": "CR7IF-dJq2.aternos.me",
    "port": 42071
  },
  "6376982547": {
    "host": "emerald.magmanode.com",
    "port": 32699
  },
  "6792710306": {
    "host": "Alii11227.aternos.me ",
    "port": 36655
  },
  "7793381951": {
    "host": "xmdnsns.aternos.me",
    "port": 31019
  },
  "6971040887": {
    "host": "cose0dhw-6xRG. aternos. me",
    "port": 46932
  },
  "5504536651": {
    "host": "PARADISExINFERNO.aternos.me ",
    "port": 522207
  },
  "6129945541": {
    "host": "akramQT-nebo.aternos.me",
    "port": 19193
  },
  "5827116695": {
    "host": "roughy.aternos.host",
    "port": 30372
  },
  "6089994141": {
    "host": "Mosaamosaa.aternos.me",
    "port": 51771
  },
  "6383735557": {
    "host": "gold.magmanode.com",
    "port": 34624
  },
  "6269839245": {
    "host": "MR_Zayd.aternos.me",
    "port": 54827
  },
  "6314781575": {
    "host": "mhmommed7b7.aternos.me",
    "port": 12500
  },
  "7049124868": {
    "host": "host ",
    "port": null
  },
  "7580822731": {
    "host": "Iraq-vOxp.aternos.me",
    "port": 19916
  },
  "6728000516": {
    "host": "play-lifestalMC.aternos.me",
    "port": 50999
  },
  "7398019114": {
    "host": "Skalatonckraft.ayernos.me",
    "port": 53295
  },
  "6609226493": {
    "host": "zhiemr-p3wA.aternos.me",
    "port": 42516
  },
  "6431101437": {
    "host": "RTG1kh-1yq9.aternos.me",
    "port": 28003
  },
  "7922937641": {
    "host": "alsh123455.aternos.me",
    "port": 40842
  },
  "7330608647": {
    "host": "buffalo-KK3m.aternos.me",
    "port": 53821
  },
  "6888679650": {
    "host": "amm_1.aternos.me",
    "port": 23477
  },
  "7366667665": {
    "host": "Velid-EMpe.aternos.me",
    "port": 21934
  },
  "7976072539": {
    "host": "abd1.aternos.me",
    "port": 16639
  },
  "6680474519": {
    "host": "eyadgad.aternos.me",
    "port": 41212
  },
  "6670988998": {
    "host": "3lawi_store.aternos.me",
    "port": 12959
  },
  "5857794690": {
    "host": "host",
    "port": null
  },
  "5753080948": {
    "host": "FALEH505.aternos.me",
    "port": 41505
  },
  "8166598644": {
    "host": "RON7.aternos.me",
    "port": 27223
  },
  "8174875724": {
    "host": "CRC5.aternos.me",
    "port": 56112
  },
  "7291616662": {
    "host": "omartrtttt-l6bF.aternos.me",
    "port": 21784
  },
  "7760453892": {
    "host": "zikoozaki-LOgt.aternos.me",
    "port": 62308
  },
  "7723716202": {
    "host": "http",
    "port": null
  },
  "7688542809": {
    "host": "host",
    "port": null
  },
  "6020052866": {
    "host": "port",
    "port": 35957
  },
  "6137229667": {
    "host": "salarm12-ICE.aternos.me",
    "port": 29175
  },
  "7778225445": {
    "host": "kareem2.aternos.me",
    "port": 55454
  },
  "7733645115": {
    "host": "inTownMc.aternos.me",
    "port": 47460
  },
  "6276166383": {
    "host": "Armageddon-86lP.aternos.me",
    "port": 39751
  },
  "5640995532": {
    "host": "ssilva333.aternos.me",
    "port": 47610
  },
  "7850336503": {
    "host": "wesjp.aternos.me",
    "port": 49712
  },
  "7108957907": {
    "host": "ALI_KOLDEN.aternos.me ",
    "port": 55451
  },
  "6849703846": {
    "host": "darrk.aternos.me ",
    "port": 27782
  },
  "7902637162": {
    "host": "1234-v4mf.aternos.me",
    "port": 33208
  },
  "7802811953": {
    "host": "Mustafa028738-yt6H.aternos.me ",
    "port": 63059
  },
  "5449199151": {
    "host": "Ali2010.aternos.me",
    "port": 47034
  },
  "6354169301": {
    "host": "host DiamondCraft-2BeX.aternos.me",
    "port": 57082
  },
  "7060304334": {
    "host": "host",
    "port": null
  },
  "5464547316": {
    "host": "R163.aternos.me ",
    "port": 25012
  },
  "6788127345": {
    "host": "host",
    "port": null
  },
  "6044771654": {
    "host": "mahdialb.aternos.me",
    "port": 55749
  },
  "5774801872": {
    "host": "gaseemk.aternos.me",
    "port": 40278
  },
  "7868330675": {
    "host": "Pixel-cFFS.aternos.me",
    "port": 51300
  },
  "5524402420": {
    "host": "A1L1I1-Qakk.aternos.me",
    "port": 20170
  },
  "8037647223": {
    "host": "http",
    "port": null
  },
  "7546546301": {
    "host": "PoshnCraftS5.aternos.me",
    "port": 19269
  },
  "6012630897": {
    "host": "ColdCraftsVzE.aternos.me",
    "port": 5491
  },
  "5396883257": {
    "host": "ippons1.aternos.me",
    "port": 39099
  },
  "6009771737": {
    "host": "Hassen50-4gK5.aternos.me",
    "port": 23433
  },
  "8067963142": {
    "host": "fadelllAndYasin.aternos.me",
    "port": 60269
  },
  "8121147251": {
    "host": "Reza2013R-Xmud.exaroton.me",
    "port": 44153
  },
  "6626656154": {
    "host": "891m-4Zlg.aternos.me",
    "port": 44062
  },
  "7221135295": {
    "host": "891m-4Zlg.aternos.me",
    "port": 44062
  },
  "7974221419": {
    "host": "OMAR000GAMER714-rsI9.aternos.me",
    "port": 64290
  },
  "5729867192": {
    "host": "Hameed000.aternos.me",
    "port": 44025
  },
  "7191437192": {
    "host": "Hatem78hd.aternos.me",
    "port": 22576
  },
  "5510541768": {
    "host": "MlalarBoss407396.aternos.me",
    "port": 21299
  },
  "7577304724": {
    "host": "OMAR000GAMER714-rsI9.aternos.me",
    "port": 64290
  },
  "7806457727": {
    "host": "Sukuna53477-LgFN.aternos.me ",
    "port": 27432
  },
  "7021186899": {
    "host": "ReaxMC.aternos.me",
    "port": 25620
  },
  "7800513439": {
    "host": "jfjggdjf388-BFxp.aternos.me",
    "port": 13327
  },
  "7231482224": {
    "host": "maesr3.aternos.me",
    "port": 43155
  },
  "6103453025": {
    "host": "tdgkhwsghf.aternos.me",
    "port": 13818
  },
  "6015373229": {
    "host": "ASBF1HhhHdgdh11.aternos.me",
    "port": 24414
  },
  "5990350192": {
    "host": "host",
    "port": null
  },
  "6430438373": {
    "host": "yamal_19_1.aternos.me",
    "port": 39979
  },
  "7735542235": {
    "host": "isha57-WCN3.aternos.me",
    "port": 3603636036
  },
  "7538130236": {
    "host": "host",
    "port": null
  },
  "8118295218": {
    "host": "7USSEIN_7H.aternos.me",
    "port": 54623
  },
  "7644298949": {
    "host": "W2P_IRAQ.aternos.me",
    "port": 12530
  },
  "8046393897": {
    "host": "Valak-yTBz.aternos.me",
    "port": 46993
  },
  "6645342107": {
    "host": "https",
    "port": null
  },
  "6449498048": {
    "host": "qyas_gamer218.aternos.me",
    "port": 45890
  },
  "7833534722": {
    "host": "LUFFY09608.aternos.me",
    "port": 53513
  },
  "7450116499": {
    "host": "A10merummm909-Ml4g.aternos.me",
    "port": 25367
  },
  "6917789781": {
    "host": "Ail20010.aternos.me ",
    "port": 32971
  },
  "6190570109": {
    "host": "fish.aternos.me",
    "port": 52307
  },
  "7890209836": {
    "host": "http",
    "port": null
  },
  "5703034642": {
    "host": "host",
    "port": null
  },
  "7495318667": {
    "host": "http",
    "port": null
  },
  "5107841488": {
    "host": "kliban.aternos.me",
    "port": 18996
  },
  "8174672957": {
    "host": "host",
    "port": 46434
  },
  "5937169221": {
    "host": "http",
    "port": null
  },
  "5771875777": {
    "host": "HUSSINxKRAFT-I7Go.aternos.me",
    "port": 39963
  },
  "7843067325": {
    "host": "CMDCRAFTme.aternos.me",
    "port": 22532
  },
  "6514321849": {
    "host": "rtx_craft1.aternos.me",
    "port": 11973
  },
  "6355998305": {
    "host": "Rdg1241.aternos.me ",
    "port": 36059
  },
  "6772546698": {
    "host": "OPNNE.aternos.me",
    "port": 48760
  },
  "5812161342": {
    "host": "Shanks799.aternos.me",
    "port": 55564
  },
  "7225318097": {
    "host": "heder78.aternos.me",
    "port": 24999
  },
  "7270540550": {
    "host": "host",
    "port": null
  },
  "7765638654": {
    "host": "62649",
    "port": null
  },
  "7212343036": {
    "host": "lastlife6-S2QG.aternos",
    "port": 57110
  },
  "7749627808": {
    "host": "zxcvbnm-yc43.aternos.me",
    "port": 24377
  },
  "5864592308": {
    "host": "Rfhhcjgfv.aternos.me",
    "port": 57937
  },
  "7141414468": {
    "host": "/add omer123321-DO3m.aternos.me",
    "port": 57620
  },
  "7046822229": {
    "host": "Haythi.aternos.me",
    "port": 13247
  },
  "7480147402": {
    "host": "hrshxp.aternos.me",
    "port": 11564
  },
  "7961681435": {
    "host": "host ScraB.aternos.me\nport",
    "port": 34882
  },
  "6172872776": {
    "host": "http",
    "port": null
  },
  "6878328020": {
    "host": "Mohamed6666555.aternos.me",
    "port": 53158
  },
  "7628025193": {
    "host": "emerald.magmanode.com",
    "port": 34594
  },
  "6717205898": {
    "host": "Black-8UFo.aternos.me",
    "port": 11970
  },
  "7842499622": {
    "host": "Naserai.aternos.me ",
    "port": 23646
  },
  "6683210015": {
    "host": "dextermmgn1.aternos.me",
    "port": 59886
  },
  "6425476043": {
    "host": "palmer1020-dQQd.aternos.me",
    "port": 49060
  },
  "6917282381": {
    "host": "Genghis_77.aternos.me",
    "port": 21935
  },
  "6430175623": {
    "host": "/add 1tso.aternos.me",
    "port": 50424
  },
  "6746987617": {
    "host": "MEGACRAFTrdQy.aternos.me ",
    "port": 47983
  },
  "7117369546": {
    "host": "MMMMMOS.aternos.me",
    "port": 59347
  },
  "5215878439": {
    "host": "WOLCOM-y4lS.aternos.me",
    "port": 39413
  },
  "7910562323": {
    "host": "STONECRAFT-777.aternos.me",
    "port": 44425
  },
  "8030501788": {
    "host": "darkweeb7.aternos.me",
    "port": 40329
  },
  "5780400715": {
    "host": "majed8476.aternos.me",
    "port": 42828
  },
  "7465657330": {
    "host": "Mantathr-VTRT.aternos.me",
    "port": 59217
  },
  "7887784431": {
    "host": "Hfhfncnc2737.aternos.me",
    "port": 58132
  },
  "7414635255": {
    "host": "yu3Suf.aternos.me",
    "port": 47377
  },
  "6461153132": {
    "host": "Goodboy-VDJW.aternos.me",
    "port": 28995
  },
  "7561616222": {
    "host": "tligram.aternos.me",
    "port": 25752
  },
  "7704027866": {
    "host": "Ismael123xxx-kxKv.aternos.me",
    "port": 22593
  },
  "6385145171": {
    "host": "gold.magmanode.com",
    "port": 27700
  },
  "6038407361": {
    "host": "https",
    "port": null
  },
  "7737568363": {
    "host": "FirstLive40.aternos.me",
    "port": 19127
  },
  "5979076876": {
    "host": "Fkyou-nTzr.aternos.me",
    "port": 48714
  },
  "7318213592": {
    "host": "AHMED17ge.aternos.me",
    "port": 48148
  },
  "8127681916": {
    "host": "host ",
    "port": null
  },
  "7011924930": {
    "host": "REAPER_VIP-v0Di.aternos.me",
    "port": 35803
  },
  "7216768424": {
    "host": "rqmzpjf.aternos.me ",
    "port": 16398
  },
  "5151660136": {
    "host": "2007teem.aternos.me",
    "port": 34906
  },
  "7222986283": {
    "host": "cristallife-U9BZ.aternos.me",
    "port": 27507
  },
  "7283024318": {
    "host": "ERBKRaft.aternos.me",
    "port": 46203
  },
  "5020263292": {
    "host": "icecraft12345.aternos.me",
    "port": 36172
  },
  "6011261579": {
    "host": "2012tp-Whxw.aternos.me",
    "port": 61010
  },
  "6230882458": {
    "host": "FUIGYO9-kZdV.aternos.me",
    "port": 62971
  },
  "7965990928": {
    "host": "ra33da.aternos.me",
    "port": 38207
  },
  "7029594079": {
    "host": "LegendsCraft-6U18.aternos.me",
    "port": 56032
  },
  "8154327366": {
    "host": "hassan13hassan13.aternos.me",
    "port": 47442
  },
  "6338357670": {
    "host": "Mohamed12809.aternos.me",
    "port": 50084
  },
  "7207478495": {
    "host": "mhmdbikr1234-i2DO.aternos.me",
    "port": 20803
  },
  "7063689916": {
    "host": "https",
    "port": null
  },
  "8134725370": {
    "host": "1234-jqrH.aternos.me",
    "port": 56307
  },
  "7657215713": {
    "host": "AHK1-GQnM.aternos.me",
    "port": 16632
  },
  "7074114845": {
    "host": "mnb1-Q0W4.aternos.me",
    "port": 58450
  },
  "5845248989": {
    "host": "PhoenixCraft825.aternos.me",
    "port": 18933
  },
  "7489502338": {
    "host": "Idvhdhsidh-tZBp.aternos.me",
    "port": 51140
  },
  "6833505733": {
    "host": "host",
    "port": null
  },
  "5039316116": {
    "host": "ViV_cj.aternos.me",
    "port": 52091
  },
  "6025765044": {
    "host": "Mossab60.aternos.me",
    "port": 47433
  },
  "7744535916": {
    "host": "ghyathal-QtfF.aternos.me",
    "port": 14993
  },
  "8044069305": {
    "host": "Ringynvg.aternos.me",
    "port": 50189
  },
  "7257746144": {
    "host": "RnALDO098.aternos.me",
    "port": 51094
  },
  "8170470417": {
    "host": "EnderMC2.aternos.me",
    "port": 16903
  },
  "7234962438": {
    "host": "AhmedBassem7.aternos.me",
    "port": 23276
  },
  "7266902972": {
    "host": "Jshdjjsjd.aternos.me",
    "port": 22818
  },
  "7688184434": {
    "host": "/add ururgreyeruyreu-dFAp.aternos.me",
    "port": 43890
  },
  "6174967637": {
    "host": "XVDARK78955-nPPq.aternos.me",
    "port": 11076
  },
  "7906317135": {
    "host": "mohammedoom.aternos.me",
    "port": 38852
  },
  "7207154361": {
    "host": "Ayham_56.aternos.me",
    "port": 47302
  },
  "7973488160": {
    "host": "animekshdj-und8.aternos.me",
    "port": 25476
  },
  "6244139790": {
    "host": "Ahmed45at.aternos.me",
    "port": 29702
  },
  "7173560730": {
    "host": "BandCRAT.aternos.me",
    "port": 60052
  },
  "6635310044": {
    "host": "LASTLIVE77-io6T.aternos.me",
    "port": 22923
  },
  "7789377496": {
    "host": "salhibichou13-pxz7.aternos.me",
    "port": 46902
  },
  "7766926723": {
    "host": "hussin1368.aternos.me",
    "port": 14997
  },
  "6072076520": {
    "host": "Mohamed_Elsayedcool.aternos.me",
    "port": 27450
  },
  "5755722679": {
    "host": "H5M6e77.aternos.me",
    "port": 57366
  },
  "8148901627": {
    "host": "thebestserver-GCmP.aternos.me",
    "port": 31868
  },
  "5336820425": {
    "host": "Gold_craft-JZNl.aternos.me",
    "port": 55402
  },
  "6150859263": {
    "host": "gold.magmanode.com",
    "port": 29021
  },
  "7232469117": {
    "host": "add.aternos.org/mkopli",
    "port": 33360
  },
  "5275092792": {
    "host": "flo65.aternos.me",
    "port": 2591
  },
  "5055727795": {
    "host": "Mujtb77.aternos.me",
    "port": 61168
  },
  "5292334512": {
    "host": "https",
    "port": null
  },
  "6809598154": {
    "host": "MOMPI-2Odj.aternos.me",
    "port": 51105
  },
  "6025888780": {
    "host": "host yuuuu.aternos.me",
    "port": 17887
  },
  "6547401785": {
    "host": "jams665.aterons.me",
    "port": 56552
  },
  "7320661634": {
    "host": "coco1arbic.aternos.me",
    "port": 54817
  },
  "6609937568": {
    "host": "host",
    "port": null
  },
  "6119917775": {
    "host": "Peterserver-lp9Y.aternos.me",
    "port": 38530
  },
  "7069595622": {
    "host": "/add CurtRapier6805YO.aternos.me",
    "port": 30635
  },
  "7437445719": {
    "host": "IRQ_mojta.aternos.me",
    "port": 50472
  },
  "7345094345": {
    "host": "59735",
    "port": null
  },
  "6411612897": {
    "host": "MASTRE_CRIFT.aternos.me",
    "port": 15670
  },
  "7775487680": {
    "host": "qweaszdsf1245-Jilr.aternos.me",
    "port": 18578
  },
  "7419080941": {
    "host": "jyyghgggghh.exaroton.me",
    "port": 32194
  },
  "6324300148": {
    "host": "asdfg123o.aternos.me",
    "port": 60998
  },
  "6402334932": {
    "host": "https",
    "port": null
  },
  "5996614560": {
    "host": "Jaafer112.aternos.me",
    "port": 13634
  },
  "5015237444": {
    "host": "MadaraXRPG.aternos.me",
    "port": 23267
  },
  "7908954442": {
    "host": "anas_2013_.aternos.me",
    "port": 20640
  },
  "5209206472": {
    "host": "hmdziaa739.aternos.me",
    "port": 37049
  },
  "5864995127": {
    "host": "ozoKraft.aternos.me",
    "port": 51079
  },
  "5932113144": {
    "host": "Ahmad10293-VsXa.aternos.me",
    "port": 60487
  },
  "7547445946": {
    "host": "/RidaCraft-OYpr.aternos.me",
    "port": 24266
  },
  "6668836914": {
    "host": "airshrimp.aternos.host",
    "port": 22309
  },
  "6635675209": {
    "host": "sajad11mu-DVgv.aternos.me",
    "port": 35254
  },
  "7743677414": {
    "host": "Gzui.aternos.me",
    "port": 27685
  },
  "5734420855": {
    "host": "DemoMcc.aternos.me",
    "port": 43252
  },
  "6870239369": {
    "host": "nhvfugsfg.aternos.me",
    "port": 30436
  },
  "5684384588": {
    "host": "ClanCraftyyyyyyyyy.aternos.me",
    "port": 12829
  },
  "7173965259": {
    "host": "mohamedred58256-bkcC.aternos.me",
    "port": 22973
  },
  "7261218016": {
    "host": "IHCLIIXJHLFJTRK-sKgl.aternos.me",
    "port": 21284
  },
  "7646910097": {
    "host": "Nosaaa.aternos.me",
    "port": 51333
  },
  "7344856279": {
    "host": "aljaber.aternos.me",
    "port": 49703
  },
  "7670409493": {
    "host": "Gfurhe8iiehe-i8Oc.aternos.me",
    "port": 28112
  },
  "7317442315": {
    "host": "http",
    "port": null
  },
  "7462787582": {
    "host": "07723180849.aternos.me",
    "port": 42767
  },
  "7578578640": {
    "host": "Karrar987556567.aternos.me",
    "port": 15017
  },
  "6560511335": {
    "host": "Mustafaessam-3u5h.aternos.me",
    "port": 31055
  },
  "7567926002": {
    "host": "Hussein_7mr-3IVD.aternos.me",
    "port": 48069
  },
  "6564826098": {
    "host": "djgsjgd-LRNz.aternos.me",
    "port": 38301
  },
  "7803945193": {
    "host": "mmffffyu-5Vnt.aternos.me",
    "port": 40883
  },
  "6271877025": {
    "host": "KLRE.aternos.me",
    "port": 41041
  },
  "7969102263": {
    "host": "host",
    "port": null
  },
  "5346243582": {
    "host": "Alialiraqi5481. aternos. me",
    "port": 31145
  },
  "6681054774": {
    "host": "Ababgdj-T5Bh.aternos.me",
    "port": 20393
  },
  "7681426956": {
    "host": "kararcraft15.aternos.me ",
    "port": 18557
  },
  "7158306681": {
    "host": "http",
    "port": null
  },
  "7610719397": {
    "host": "Westeros83.aternos.me ",
    "port": 43897
  },
  "8119895847": {
    "host": "Mohammed93000000.aternos.me",
    "port": 17276
  },
  "7628246919": {
    "host": "http",
    "port": null
  },
  "7075184631": {
    "host": "add.aternos.org/Light12Craft",
    "port": null
  },
  "7019246207": {
    "host": "Hhh123hhh123456-BeiX.aternos.me",
    "port": 40453
  },
  "7740119085": {
    "host": "a7_Abd.aternos.me",
    "port": 38352
  },
  "5591541237": {
    "host": "hson54.aternos.me",
    "port": 57324
  },
  "7523884660": {
    "host": "server2-3XPP.aternos.me",
    "port": 20366
  },
  "7026052162": {
    "host": "BattleSMPE1.aternos.me",
    "port": 60521
  },
  "7898663744": {
    "host": "http",
    "port": null
  },
  "8111748700": {
    "host": "3rabsmp.aternos.me",
    "port": 18171
  },
  "8142274878": {
    "host": "dert-7Qma.aternos.me",
    "port": 57654
  },
  "6039244219": {
    "host": "Mohammed-e2kH.aternos.me",
    "port": 23037
  },
  "5387868164": {
    "host": "razi9946.aternos.me",
    "port": 36099
  },
  "6466028282": {
    "host": "ssssjjj.aternos.me",
    "port": 15983
  },
  "6498770053": {
    "host": "swordCraft29.aternos.me",
    "port": 22755
  },
  "5423488770": {
    "host": "HardKraft-el6x.aternos.me",
    "port": 19393
  },
  "8081677411": {
    "host": "Fiydudtic.aternos.me",
    "port": 52865
  },
  "6729105504": {
    "host": "Wh24.aternos.me",
    "port": 62900
  },
  "5259119401": {
    "host": "Vcgff-GeMM.aternos.me ",
    "port": 27056
  },
  "7047029474": {
    "host": "Finalserver-ccxv.aternos.me",
    "port": 11364
  },
  "5592185387": {
    "host": "Saif_hg-369s.aternos.me",
    "port": 20244
  },
  "7624266509": {
    "host": "LastMiners.lets.game",
    "port": 2006
  },
  "7747661823": {
    "host": "TRHBYTB.aternos.me",
    "port": 17243
  },
  "7320850179": {
    "host": "Icecraft123.aternos.me ",
    "port": 22967
  },
  "7953493915": {
    "host": "ANESRR1.aternos.me",
    "port": 49382
  },
  "5639954035": {
    "host": "lord06-DpLy.aternos.me",
    "port": 40549
  },
  "8159118446": {
    "host": "anienacraft-Jvjp.aternos.me",
    "port": 34314
  },
  "6996648231": {
    "host": "LastLive00.aternos.me",
    "port": 37672
  },
  "8037627903": {
    "host": "tattoo946.aternos.me",
    "port": 20954
  },
  "7830414799": {
    "host": "host ",
    "port": null
  },
  "6005600554": {
    "host": "MINELIFE5.aternos.me",
    "port": 53284
  },
  "5144445526": {
    "host": "uuMuqtadatt.aternos.me",
    "port": 18025
  },
  "7983346316": {
    "host": "gold.magmanode.com",
    "port": 31680
  },
  "6432835482": {
    "host": "Hussein9100.aternos.me",
    "port": 36394
  },
  "7562757671": {
    "host": "salhikamil.aternos.me",
    "port": 53382
  },
  "6415591772": {
    "host": "AzureDaisy010.aternos.me",
    "port": 20129
  },
  "7846774783": {
    "host": "ALI92178-XoVZ.aternos.me",
    "port": 58322
  },
  "7976413908": {
    "host": "http",
    "port": null
  },
  "7241610518": {
    "host": "Ahmedasaa.aternos.me",
    "port": 25984
  },
  "7222504857": {
    "host": "minecraf_ccccc.aternos.me",
    "port": 23117
  },
  "8069374835": {
    "host": "rwjedhd-l15D.aternos.me",
    "port": 40519
  },
  "6541900536": {
    "host": "homscraft23-6eQX.aternos.me",
    "port": 26309
  },
  "7586396053": {
    "host": "mrgray.aternos.me",
    "port": 16465
  },
  "7658976563": {
    "host": "Crown76.aternos.me",
    "port": 34307
  },
  "7402066545": {
    "host": "_KVX_.aternos.me",
    "port": 62920
  },
  "7036121489": {
    "host": "ztevr5jltz.aternos.me",
    "port": 24576
  },
  "5700877783": {
    "host": "Ahmede837484-ohYB.aternos.me",
    "port": 58621
  },
  "6510030857": {
    "host": "Musc.aternos.me",
    "port": 42787
  },
  "6516402158": {
    "host": "curtcar83934793-1HTu.aternos.me",
    "port": 56199
  },
  "5043615678": {
    "host": "Mtee1283.aternos.me",
    "port": 22663
  },
  "7784437274": {
    "host": "Gooning_masters.aternos.me",
    "port": 28890
  },
  "5566806232": {
    "host": "alawy-gXk7.aternos.me",
    "port": 59181
  },
  "7103909748": {
    "host": "Msmrd.aternos.me",
    "port": 35350
  },
  "7354845237": {
    "host": "Slanda7.aternos.me",
    "port": 36929
  },
  "5207863276": {
    "host": "kizmkizm.aternos.me ",
    "port": 55494
  },
  "5164008167": {
    "host": "BNYXXX.aternos.me",
    "port": 14216
  },
  "7448017386": {
    "host": "Michael51.aternos.me",
    "port": 31442
  },
  "7595769381": {
    "host": "EPIC-CRAFT99.aternos.me",
    "port": 38123
  },
  "6648492531": {
    "host": "BRADX3_0-Ires.aternos.me ",
    "port": 28400
  },
  "7366527306": {
    "host": "YellowLynx80348.aternos.me ",
    "port": 21272
  },
  "5390374661": {
    "host": "djdvdhsh.aternos.me",
    "port": 2179
  },
  "7366815851": {
    "host": "llh7-N3Gl.aternos.me",
    "port": 14435
  },
  "8011960843": {
    "host": "host",
    "port": null
  },
  "6681852124": {
    "host": "AAMJHH.aternos.me",
    "port": 38061
  },
  "7441529663": {
    "host": "Fahd200100.aternos.me",
    "port": 11816
  },
  "6324662449": {
    "host": "SakuraHeavenMC.aternos.me",
    "port": 36162
  },
  "7085085137": {
    "host": "super3amak.aternos.me",
    "port": 44164
  },
  "7155076280": {
    "host": "Dragon_CrafttS2.aternos.me",
    "port": 52910
  },
  "7034082031": {
    "host": "yazanmhassad.aternos.me",
    "port": 45421
  },
  "6665029467": {
    "host": "xrhghh-Xmyv.aternos.me",
    "port": 23356
  },
  "5671346857": {
    "host": "zainloryoXz.aternos.me",
    "port": 48105
  },
  "7987093033": {
    "host": "GROOPCRAFT.aternos.me ",
    "port": 33133
  },
  "6324580259": {
    "host": "ffcraft-sMoo.aternos.me",
    "port": 40064
  },
  "6165583676": {
    "host": "HASSANXX77-k5YD.aternos.me",
    "port": 47121
  },
  "7886145004": {
    "host": "AmarImghg.aternos.me",
    "port": 53496
  },
  "8161125884": {
    "host": "ZonkedRuby1634-edVf.aternos.me",
    "port": 17631
  },
  "7560749640": {
    "host": "Botmine.aterns.me",
    "port": 63588
  },
  "8166603354": {
    "host": "samrfarss-FZVi.aternos.me",
    "port": 59272
  },
  "6442154851": {
    "host": "Lebanon-gAii.aternos.me",
    "port": 18211
  },
  "6557302845": {
    "host": "CartoonCraft1.aternos.me",
    "port": 13114
  },
  "7927293527": {
    "host": "bigeye.aternos.host ",
    "port": 64299
  },
  "6456854404": {
    "host": "Wand_craft_98.aternos.me",
    "port": 18348
  },
  "7584920234": {
    "host": "ptras.aternos.me",
    "port": 54563
  },
  "7044587996": {
    "host": "lihwake.aternos.me",
    "port": 30037
  },
  "5842390839": {
    "host": "/add /add sumaqj-1RpB.aternos.me",
    "port": 45532
  },
  "5792760192": {
    "host": "http",
    "port": null
  },
  "5507134246": {
    "host": "Axecraft-WTOZ.aternos.me",
    "port": 39052
  },
  "5836040542": {
    "host": "muostafaammar-5Xz7.aternos.me",
    "port": 47637
  },
  "7473313456": {
    "host": "host ",
    "port": null
  },
  "6762014087": {
    "host": "7877-Fpdf.aternos.me",
    "port": 61040
  },
  "6941021527": {
    "host": "zaid1010.aternos.me",
    "port": 36424
  },
  "7123533893": {
    "host": "wisan1122.aternos.me",
    "port": 37634
  },
  "6012255594": {
    "host": "friends-bfQp.aternos.me",
    "port": 53971
  },
  "5788976526": {
    "host": "mknjbhm6859-J3gZ.aternis.me",
    "port": 43275
  },
  "5844450468": {
    "host": "gold.magmanode.com ",
    "port": 31680
  },
  "5540551634": {
    "host": "yousufalazawi.aterons.me",
    "port": 63149
  },
  "6793532633": {
    "host": "gold.magmanode.com",
    "port": 28372
  },
  "6704996748": {
    "host": "T121_KIRA.aternos.me",
    "port": 56356
  },
  "7857894492": {
    "host": "emerald.magmanode.com",
    "port": 34008
  },
  "7852606721": {
    "host": "lihwake.aternos.me",
    "port": 30037
  },
  "6303775242": {
    "host": "HASONEALIRAQE.aternos.me",
    "port": 61386
  },
  "7352670233": {
    "host": "host",
    "port": null
  },
  "5983747934": {
    "host": "rato3135-CeWP.aternos.me",
    "port": 59176
  },
  "8141471629": {
    "host": "656_jf.aternos.me",
    "port": 42967
  },
  "5202892457": {
    "host": "Ira_q.aternos.me",
    "port": 60367
  },
  "7656883335": {
    "host": "Dark-15.aternos.me",
    "port": 45330
  },
  "6868223907": {
    "host": "host",
    "port": null
  },
  "5458825700": {
    "host": "Mnagel.aternos.me",
    "port": 41984
  },
  "7607147860": {
    "host": "https",
    "port": null
  },
  "7867225033": {
    "host": "Welcom_to_our_server.aternos.me",
    "port": 46672
  },
  "5624631641": {
    "host": "mo3tasmHF.aternos.me ",
    "port": 21120
  },
  "6881314401": {
    "host": "N303e7-Jt34.aternos.me",
    "port": 44038
  },
  "7705723917": {
    "host": "PROMAX750.aternos.me",
    "port": 52090
  },
  "5977199922": {
    "host": "Qoo1-ns6E.aternos.me",
    "port": 20109
  },
  "6625028311": {
    "host": "AHDKingm.aternos.me",
    "port": 39351
  },
  "7830545407": {
    "host": "ailopop4280.aternos.me",
    "port": 22064
  },
  "6379976286": {
    "host": "Ygfhhc-7nng.aternos.me",
    "port": 58325
  },
  "6671077451": {
    "host": "MOHMDIWIS.aternos.me",
    "port": 26918
  },
  "7034617111": {
    "host": "vgyvgyvgyvgyvgy-zVOI.aternos.me",
    "port": 48152
  },
  "7126246503": {
    "host": "GOLDCRAFT332.aternos.me ",
    "port": 28983
  },
  "5919120826": {
    "host": "ftfyds-2jl5.aternos.me",
    "port": 46445
  },
  "7407201238": {
    "host": "MustafaGamer2025.aternos.me",
    "port": 14331
  },
  "8146663331": {
    "host": "irq_snow-h2J6.aternos.me",
    "port": 51143
  },
  "7955118056": {
    "host": "MERO00044.aternos.me ",
    "port": 46920
  },
  "6533574451": {
    "host": "http",
    "port": null
  },
  "5166033934": {
    "host": "Mahmoudtaha89.aternos.me",
    "port": 28470
  },
  "6276523012": {
    "host": "Servers_arabicraft.aternos.me",
    "port": 40805
  },
  "6010674984": {
    "host": "ALSAED-0KyT.aternos.me",
    "port": 55608
  },
  "7087801792": {
    "host": "Lifesteal-Sein.aternos.me",
    "port": 64175
  },
  "7414798920": {
    "host": "Onepice-b7LL.aternos.me",
    "port": 48955
  },
  "8182233128": {
    "host": "host",
    "port": null
  },
  "8039077486": {
    "host": "agjvvuvx-LIqW.aternos.me",
    "port": 32911
  },
  "7825047808": {
    "host": "Akizoox.aternos.me",
    "port": 33497
  },
  "7440851286": {
    "host": "AE12-ZqYp.aternos.me",
    "port": 13940
  },
  "7471846272": {
    "host": "MMAAS.aternos.me",
    "port": 33282
  },
  "5436059402": {
    "host": "mmopq.aternos.me",
    "port": 19124
  },
  "5678245631": {
    "host": "girls_LUXY7.aternos.me ",
    "port": 51201
  },
  "7849682502": {
    "host": "SPICY_1.aternos.me",
    "port": 27563
  },
  "6173575203": {
    "host": "Sonekoko.aternos.me",
    "port": 33760
  },
  "7660195420": {
    "host": "FoldupOdin36621-Vu1i.aternos.me",
    "port": 14024
  },
  "6509771198": {
    "host": "Mohamed19008.aternos.me ",
    "port": 25557
  },
  "5936679687": {
    "host": "https",
    "port": null
  },
  "6583298393": {
    "host": "jfhfnd.aternos.me",
    "port": 30498
  },
  "5306239303": {
    "host": "toke99.aternos.me",
    "port": 24243
  },
  "7077401211": {
    "host": "ZAIDSSF.aternos.me",
    "port": 12403
  },
  "6361450359": {
    "host": "host",
    "port": null
  },
  "6638999252": {
    "host": "hsoon10.aternos.me",
    "port": 31434
  },
  "5795453207": {
    "host": "ABAS_AK.aternos.me",
    "port": 21303
  },
  "7303189844": {
    "host": "tampocraft-XyJv.aternos.me",
    "port": 32936
  },
  "7349208887": {
    "host": "temaacraft.aternos.me",
    "port": 54827
  },
  "7502078724": {
    "host": "HammoudiM10.aternos.me",
    "port": 21891
  },
  "6161833224": {
    "host": "Ali20192919.aternos.me",
    "port": 38219
  },
  "7914667750": {
    "host": "muhab_25-MJHe-bsdT.aternos.me",
    "port": 37101
  },
  "5489500241": {
    "host": "hfhfhf5424-M9GN.aternos.me",
    "port": 28239
  },
  "6246821708": {
    "host": "Iraq_crf3.aternos.me",
    "port": 35008
  },
  "6474875226": {
    "host": "The_Last_Duo.aternos.me",
    "port": 52027
  },
  "5878541341": {
    "host": "ZENON511-0saL.aternos.me",
    "port": 24629
  },
  "7028867391": {
    "host": "Sadiqx5532.aternos.me",
    "port": 31992
  },
  "7423844318": {
    "host": "Djshdpot.aternos.me",
    "port": 33821
  },
  "7455443805": {
    "host": "jetboat.aternos.me",
    "port": 20849
  },
  "6783908281": {
    "host": "home78o.aternos.me",
    "port": 61823
  },
  "7889116828": {
    "host": "http",
    "port": null
  },
  "7767606085": {
    "host": "iraq_craft-CzUn",
    "port": 19582
  },
  "8027650553": {
    "host": "housssamb-Mmfj.aternos.me",
    "port": 4703
  },
  "5972575701": {
    "host": "Y141.aternos.me",
    "port": 34738
  },
  "7450133820": {
    "host": "gsksvusojj-Hstr.aternos.me",
    "port": 42201
  },
  "6941734725": {
    "host": "ali4196-U5T6.aternos.me ",
    "port": 58630
  },
  "7458994380": {
    "host": "host",
    "port": null,
    "type": "",
    "version": "auto"
  },
  "6597630918": {
    "host": "Aymaneeq-iqbB.aternos.me",
    "port": 36842
  },
  "6930322066": {
    "host": "PPP6666.aternos.me",
    "port": 35204
  },
  "8192887376": {
    "host": "twenty_craft.aternos.me",
    "port": 37705
  },
  "8135960075": {
    "host": "kren1.aternos.me",
    "port": 43654
  },
  "6347896487": {
    "host": "ahmedfi.aternos.me",
    "port": 30165
  },
  "6205136460": {
    "host": "3MKPANDA1-QKBI.aternos.me",
    "port": 50906
  },
  "7018295909": {
    "host": "http",
    "port": null
  },
  "7499165865": {
    "host": "mhshh-vl9o.aternos.me",
    "port": 15044
  },
  "8194771280": {
    "host": "gold.magmanode.com",
    "port": 29775
  },
  "6286069548": {
    "host": "http",
    "port": null
  },
  "5123727435": {
    "host": "BLASTMINER.aternos.me",
    "port": 15036
  },
  "6805857221": {
    "host": "Ffzpi_5zpi.aternos.me",
    "port": 41820
  },
  "5746883253": {
    "host": "Clanscraft-rFQF.aternos.me",
    "port": 39637
  },
  "5766640205": {
    "host": "Fire_Fox21354.aternos.me",
    "port": 64052
  },
  "6091268699": {
    "host": "Serverbotali.aternos.me",
    "port": 21562
  },
  "5933194766": {
    "host": "MAJAUWH.aternos.me",
    "port": 54936
  },
  "6020725958": {
    "host": "http",
    "port": null
  },
  "6262272853": {
    "host": "croaker.aternos.host",
    "port": 18393
  },
  "6840484549": {
    "host": "Dragoncraft3.aternos.me",
    "port": 17707
  },
  "5685066544": {
    "host": "http",
    "port": null
  },
  "5635272515": {
    "host": "Monster164-bK4y.aternos.me",
    "port": 61353
  },
  "6998302328": {
    "host": "mrone4444.aternos.me",
    "port": 61770
  },
  "7484738318": {
    "host": "abasssigla4.aternos.me ",
    "port": 49302
  },
  "7819302943": {
    "host": "CHUCKYTF.aternos.mbe",
    "port": 27235
  },
  "7857503511": {
    "host": "Ammar10rrr.aternos.me",
    "port": 46618
  },
  "8107539491": {
    "host": "BESOX.aternos.me",
    "port": 39526
  },
  "7246215857": {
    "host": "sdhiv.aternos.me",
    "port": 47719
  },
  "7565863330": {
    "host": "ALFAHAAM123",
    "port": 42392
  },
  "7518065186": {
    "host": "host",
    "port": null
  },
  "6008360596": {
    "host": "Hamody201372o.aternos.me",
    "port": 16422
  },
  "5712330509": {
    "host": "cha7angiya.aternos.me",
    "port": 47012
  },
  "8181662597": {
    "host": "Koniz_Craft.aternos.me",
    "port": 38934
  },
  "5710476757": {
    "host": "SHARKBIGBOSS.aternos.me",
    "port": 55756
  },
  "7074666433": {
    "host": "uyghbjhbj.aternos.me",
    "port": 27530
  },
  "8124108238": {
    "host": "Wand_craft_98.aternos.me",
    "port": 18348
  },
  "6972658147": {
    "host": "botato7777.aternos.me",
    "port": 48886
  },
  "5348732743": {
    "host": "Ali2-9eLw-LhNd.aternos.me",
    "port": 49941
  },
  "7923587792": {
    "host": "SpacedJarl77.aternos.me",
    "port": 55062
  },
  "7648831480": {
    "host": "ml08mmd.aternos.me",
    "port": 15658
  },
  "5247658517": {
    "host": "DARKCRAFT-K20S.aternos.me",
    "port": 46896
  },
  "7575871485": {
    "host": "host",
    "port": null
  },
  "7131616679": {
    "host": "jojo123456666.aternos.me ",
    "port": 14576
  },
  "7054379126": {
    "host": "Ariq.aternos.me",
    "port": 27963
  },
  "7588963162": {
    "host": "ExtraCraft.aternos.me",
    "port": 62242
  },
  "7140009123": {
    "host": "Server6z.aternos.me",
    "port": 59459
  },
  "8049014584": {
    "host": "zeyd764u.aternos.me",
    "port": 25802
  },
  "7798755629": {
    "host": "Hshshzvv.aternos.me",
    "port": 33312
  },
  "7602465916": {
    "host": "Mohamedismuslim.aternos.me",
    "port": 27089
  },
  "7551276240": {
    "host": "Horrorcraft-Xycu.aternos.me",
    "port": 32509
  },
  "7624351646": {
    "host": "/add yasirgg8272-9MzY.aternos.me",
    "port": 33237
  },
  "7820678106": {
    "host": "Samy6464-RjBt.aternos.me",
    "port": 45147
  },
  "5245183232": {
    "host": "host",
    "port": null
  },
  "7532557893": {
    "host": "aalixTdi.aternos.me",
    "port": 35164
  },
  "7371395286": {
    "host": "Karam135.aternos.me",
    "port": 26928
  },
  "5766507403": {
    "host": "alialakbar1808.aternos.me",
    "port": 63013
  },
  "6300360433": {
    "host": "Ajxhgs011.aternos.me",
    "port": 64124
  },
  "5607994950": {
    "host": "aalixTdi.aternos.me",
    "port": 35164
  },
  "6478476784": {
    "host": "ameer1.aternos.me",
    "port": 29574
  },
  "7984487685": {
    "host": "ROK89M-wShj.aternos.me",
    "port": 13967
  },
  "5382401835": {
    "host": "S7Ro.aternos.me",
    "port": 36004
  },
  "7523800304": {
    "host": "Andercraftt.aternos.me",
    "port": 17389
  },
  "6836790164": {
    "host": "metoo20051-J10i.aternos.me",
    "port": 31292
  },
  "7170689940": {
    "host": "Misik_10k.aternos.me",
    "port": 28364
  },
  "6393737361": {
    "host": "FURYgoat669.aternos.me",
    "port": 59130
  },
  "5878122516": {
    "host": "Sdfghjknbvcx-xJh2.aternos.me",
    "port": 58702
  },
  "6403032645": {
    "host": "BilalQutb.aternos.me",
    "port": 50022
  },
  "5613081041": {
    "host": "Friends-24nh.aternos.me",
    "port": 24226
  },
  "7354343602": {
    "host": "Arabstars-ODfT.aternos.me ",
    "port": 12148
  },
  "5914126448": {
    "host": "1234-ou41.aternos.me",
    "port": 52026
  },
  "7720151820": {
    "host": "LifeStealUtpn.aternos.me",
    "port": 61667
  },
  "7681727055": {
    "host": "http",
    "port": null
  },
  "7916447571": {
    "host": "uiooi114.aternos.me",
    "port": 63563
  },
  "7261082007": {
    "host": "Saife1001.aternos.me ",
    "port": 60390
  },
  "8022331208": {
    "host": "Freindserver10.aternos.me",
    "port": 60671
  },
  "7311654660": {
    "host": "host",
    "port": null
  },
  "5445100928": {
    "host": "Mo757.aternos.me",
    "port": 22807
  },
  "6567755014": {
    "host": "gold.magmanode.com",
    "port": 33311
  },
  "5747358121": {
    "host": "3131-o58s.aternos.me",
    "port": 21872
  },
  "5770069271": {
    "host": "salem76645.aternos.me",
    "port": 14466
  },
  "5664853910": {
    "host": "Meesi.aternos.me",
    "port": 23156
  },
  "7065735126": {
    "host": "shneday.aternos.me",
    "port": 16811
  },
  "7770253906": {
    "host": "Waful11.aternos.me",
    "port": 31663
  },
  "7888220751": {
    "host": "Hsemosfa.aternos.me",
    "port": 34759
  },
  "7681940361": {
    "host": "abdola123123.aternos.me",
    "port": 22524
  },
  "7133953625": {
    "host": "zeyd764u.aternos.me",
    "port": 25802
  },
  "5521998270": {
    "host": "Riley3MK.aternos.me",
    "port": 53979
  },
  "7999662706": {
    "host": "aycartoon.aternos.me",
    "port": 20145
  },
  "5462513353": {
    "host": "Gold-FcSM.aternos.me",
    "port": 13603
  },
  "6414257143": {
    "host": "Outendymion1.aternos.me",
    "port": 34794
  },
  "7870577572": {
    "host": "mism_123.aternos.me",
    "port": 16408
  },
  "6177825697": {
    "host": "Worldcraft4M.aternos.me",
    "port": 28277
  },
  "6316480968": {
    "host": "AyuushJR.aternos.me",
    "port": 36855
  },
  "8122795716": {
    "host": "mhhhh.aternos.me",
    "port": 48011
  },
  "5446878777": {
    "host": "adham1omar.aternos.me",
    "port": 28806
  },
  "6565868073": {
    "host": "M7MD20002-IrFK.aternos.me",
    "port": 53393
  },
  "8034982918": {
    "host": "mam1-yYP3.aternos.me",
    "port": 30649
  },
  "7467245516": {
    "host": "STONECRAFT1119.aternos.me",
    "port": 25407
  },
  "5590718185": {
    "host": "skycraft172.aternos.me",
    "port": 24533
  },
  "5686933532": {
    "host": "Urworld-ZX6L.aternos.me",
    "port": 63496
  },
  "6996952713": {
    "host": "FraynCraftS1.aternos.me",
    "port": 32382
  },
  "6903811112": {
    "host": "mode7seeee-blXL.aternos.me",
    "port": 30263
  },
  "7246163219": {
    "host": "braxnn12.aternos.me",
    "port": 52955
  },
  "5340776102": {
    "host": "XXXXXXXXXXXX",
    "port": 63955
  },
  "6028949384": {
    "host": "ZX_Host-7DS2.aternos.me",
    "port": 27012
  },
  "5902127412": {
    "host": "/add add.aternos.org/20QW22",
    "port": 62854
  },
  "7823227375": {
    "host": "Yacineben07-YgDj.aternos.me",
    "port": 32530
  },
  "7381880241": {
    "host": "LORTCRFT.aternos.me",
    "port": 45022
  },
  "7281886496": {
    "host": "vsflash2.aternos.me",
    "port": 50031
  },
  "6535468782": {
    "host": "Wara9Craft.aternos.me",
    "port": 56391
  },
  "8130356475": {
    "host": "riadh_charafou-bOxJ.aternos.me",
    "port": 50699
  },
  "6666817752": {
    "host": "LEGMSMC.aternos.me",
    "port": 28165
  },
  "8130558322": {
    "host": "HakamSmpMc.aternos.me",
    "port": 13062
  },
  "5206501082": {
    "host": "hdizbxj.aternos.me ",
    "port": 28199
  },
  "8163910907": {
    "host": "D-GenerationX.aternos.me",
    "port": 23604
  },
  "5927837022": {
    "host": "Ahmed20254580.aternos.me",
    "port": 52982
  },
  "8007522655": {
    "host": "GOLD_CRAFT_4.aternos.me",
    "port": 59267
  },
  "7724362373": {
    "host": "AANAShghgvjZC6.aternos.me",
    "port": 32406
  },
  "7228046181": {
    "host": "Xyloxylo-MKQW.aternos.me",
    "port": 40857
  },
  "7621775924": {
    "host": "yousif-domI.aternos.me",
    "port": 58180
  },
  "7214833964": {
    "host": "ALGARGAN-ZVZD.aternos.me",
    "port": 54621
  },
  "5160855062": {
    "host": "karahadr-izfm.aternos.me",
    "port": 58215
  },
  "6758173161": {
    "host": "ADBTR-L68I.aternos.me",
    "port": 24027
  },
  "6683937298": {
    "host": "raeddkfm-TV4x.aternos.me ",
    "port": 61070
  },
  "6358250425": {
    "host": "diamondcraft100.aternos.me",
    "port": 23267
  },
  "6426945036": {
    "host": "host",
    "port": null
  },
  "6769337061": {
    "host": "atro3231.aternos.me",
    "port": 39104
  },
  "7516532259": {
    "host": "ZMZMZM-SWuI.aternos.me",
    "port": 28020
  },
  "7099319615": {
    "host": "/add Ali313jshshshe.aternos.me",
    "port": 27535
  },
  "6556418693": {
    "host": "Selman2001.aternos.me",
    "port": 33337
  },
  "7775894053": {
    "host": "host",
    "port": null
  },
  "7666878177": {
    "host": "Gameslegendy10k.aternos.me",
    "port": 48959
  },
  "7318534143": {
    "host": "Mouad_2.aternos.me",
    "port": 27056
  },
  "7578285741": {
    "host": "ffsgdgd-3SLY.aternos.me",
    "port": 28559
  },
  "7896130833": {
    "host": "Withercraft-JRx7.aternos.me",
    "port": 12375
  },
  "7323535296": {
    "host": "add.aternos.org/DemonCraft1",
    "port": 51550
  },
  "7007137316": {
    "host": "1234-DdbE.aternos.me",
    "port": 64638
  },
  "6779166340": {
    "host": "Ali40ti.aternos.me",
    "port": 52998
  },
  "7236979266": {
    "host": "Ligend.aternos.me",
    "port": 59867
  },
  "7636543546": {
    "host": "minecraftWorlds",
    "port": 28268
  },
  "7779448273": {
    "host": "https",
    "port": null
  },
  "7479960801": {
    "host": "Znjijj.aternos.me",
    "port": 19236
  },
  "8150580792": {
    "host": "Mixedcraft.aternos.me",
    "port": 58243
  },
  "7424824166": {
    "host": "imraneDR7-Fg3g.aternos.me",
    "port": 19720
  },
  "7684958697": {
    "host": "Alarb_Mc1.aternos.me",
    "port": 13492
  },
  "6016726056": {
    "host": "Mosa12x.aternos.me",
    "port": 34555
  },
  "7331994094": {
    "host": "Hussein977331.aternos.me",
    "port": 22502
  },
  "6830791739": {
    "host": "RamlawiServer.aternos.me",
    "port": 31184
  },
  "6410573095": {
    "host": "Ghoste_craft1.aternos.me",
    "port": 64987
  },
  "6088089563": {
    "host": "Luffy88m.aternos.me",
    "port": 45994
  },
  "6070759780": {
    "host": "mostafa19809480.aternos.me",
    "port": 37900
  },
  "7182454321": {
    "host": "dbyan123.aternos.me",
    "port": 16978
  },
  "6879617913": {
    "host": "Skyblockmarwan.aternos.me",
    "port": 15853
  },
  "6028418074": {
    "host": "mmbn.aternos.me",
    "port": 57212
  },
  "5114902118": {
    "host": "amar_hoger.aternos.me",
    "port": 19666
  },
  "6571815945": {
    "host": "17rxh.aternos.me",
    "port": 50886
  },
  "5787079568": {
    "host": "wo_7w.aternos.me",
    "port": 41851
  },
  "7028771023": {
    "host": "/add ibrahimgamemode-wR2x.aternos.me",
    "port": 25089
  },
  "6050888508": {
    "host": "K2sx.aternos.me",
    "port": 39450
  },
  "6869633198": {
    "host": "mohmod1.aternos.me",
    "port": 29786
  },
  "6312932289": {
    "host": "A_P14.aternos.me",
    "port": 54110
  },
  "7550210655": {
    "host": "mohmod1.aternos.me",
    "port": 2783
  },
  "6887826271": {
    "host": "mohmod1.aternos.me",
    "port": 29786
  },
  "7589461838": {
    "host": "hsan_a.aternos.me",
    "port": 60275
  },
  "7189839318": {
    "host": "Endcraft-ZRBZ.aternos.me",
    "port": 43150
  },
  "7595714909": {
    "host": "gggg-vms7.aternos.me",
    "port": 34776
  },
  "6296694476": {
    "host": "MsbI2010.aternos.me",
    "port": 60229
  },
  "7567836865": {
    "host": "/host",
    "port": 35437
  },
  "6341300720": {
    "host": "l5qd.aternos.me",
    "port": 11602
  },
  "7970172939": {
    "host": "TOMAN14-ISmE.aternos.me",
    "port": 42803
  },
  "6899247149": {
    "host": "ph14.aternos.me",
    "port": 32017
  },
  "7065668554": {
    "host": "abas292.aternos.me",
    "port": 51215
  },
  "6042803264": {
    "host": "Honey-wyIF.aternos.me",
    "port": 27984
  },
  "8022592872": {
    "host": "YONES36.aternos.me",
    "port": 58829
  },
  "7471189627": {
    "host": "http",
    "port": null
  },
  "7734111005": {
    "host": "Serverjahnam.aternos.me",
    "port": 24873
  },
  "5055646284": {
    "host": "Hamzabromax.aternos.me",
    "port": 17015
  },
  "7653942859": {
    "host": "dhsjhshsui-0I2J.exaroton.me",
    "port": 35477
  },
  "7772372223": {
    "host": "women69-7ZGU.aternos.me",
    "port": 39379
  },
  "5607434738": {
    "host": "VALDYX_FINAL.aternos.me",
    "port": 43060
  },
  "6633185883": {
    "host": "youssef102046-vjAP.aternos.me",
    "port": 64833
  },
  "7176751477": {
    "host": "DoueMc.aternos.me",
    "port": 61184
  },
  "6521832701": {
    "host": "NatherCraft112.aternos.me",
    "port": 30076
  },
  "7360258446": {
    "host": "add.aternos.org/00hh",
    "port": 44690
  },
  "5492689275": {
    "host": "Anime12387-mAu3.aternos.me",
    "port": 36847
  },
  "6100751606": {
    "host": "Mntzr31.aternos.me",
    "port": 45068
  },
  "6939236161": {
    "host": "Haskg.aternos.me",
    "port": 62903
  },
  "7578928109": {
    "host": "Mohandgaming15.aternos.me",
    "port": 35005
  },
  "5805575420": {
    "host": "rockycraftmo1.aternos.me ",
    "port": 37615
  },
  "5557935475": {
    "host": "dartfish.aternos.host",
    "port": 43469
  },
  "8118470308": {
    "host": "Eren69262.aternos.me",
    "port": 47139
  },
  "5788895809": {
    "host": "MXMC_639.aternos.me",
    "port": 24543
  },
  "6407439548": {
    "host": "Udjdjfk.aternos.me",
    "port": 32606
  },
  "5440040757": {
    "host": "1234-UvXe.aternos.me",
    "port": 61304
  },
  "7224001933": {
    "host": "lolopqc-MKsU.aternos.me",
    "port": 23283
  },
  "5635218827": {
    "host": "GX5PM.aternos.me",
    "port": 40770
  },
  "7869833155": {
    "host": "AglowPond067566.aternos.me",
    "port": 23682
  },
  "7382103842": {
    "host": "http",
    "port": null
  },
  "7564302680": {
    "host": "xOverCraftx.aternos.me",
    "port": 62138
  },
  "6817415922": {
    "host": "Faster313.aternos.me",
    "port": 33129
  },
  "6076420761": {
    "host": "alisarmad22121.aternos.me",
    "port": 63663
  },
  "5871738896": {
    "host": "CooperKraft.aternos.me",
    "port": 62105
  },
  "6552568751": {
    "host": "__16.aternos.me",
    "port": 14631
  },
  "6381415590": {
    "host": "Dark-hCa5.aternos.me",
    "port": 46747
  },
  "5837131900": {
    "host": "Poipoi12ien-mbAt.aternos.me",
    "port": 40675
  },
  "5102044579": {
    "host": "http",
    "port": null
  },
  "5851132586": {
    "host": "ARABCRAFTT.aternos.me",
    "port": 48576
  },
  "6210239690": {
    "host": "LAith_777_777m.aternos.me",
    "port": 52290
  },
  "5951464263": {
    "host": "1234-NoHo.aternos.me",
    "port": 42507
  },
  "6847835546": {
    "host": "host",
    "port": null
  },
  "6321772666": {
    "host": "Gokudf123-m6xl.aternos.me",
    "port": 12888
  },
  "7861361901": {
    "host": "Ahmadali-egh7.aternos.me",
    "port": 31532
  },
  "5143459566": {
    "host": "mc1721926.fmcs.cloud",
    "port": 37766
  },
  "7337468752": {
    "host": "http",
    "port": null
  },
  "5377418490": {
    "host": "Playplayr.aternos.me",
    "port": 41198
  },
  "5506578541": {
    "host": "hussain790.aternos.me",
    "port": 57198
  },
  "7655918181": {
    "host": "123qwe455rty789qwel.aternos.me",
    "port": 59742
  },
  "8040084929": {
    "host": "ibrahim1mo.aternos.me",
    "port": 58760
  },
  "6727995960": {
    "host": "Moncifns-eR1q.aternos.me",
    "port": 20711
  },
  "8031371955": [
    {
      "host": "MHussain74.aternos.me",
      "port": 59862
    }
  ],
  "5011166845": {
    "host": "idhxjxj-9gl0.aternos.me",
    "port": 48481
  },
  "7726055895": {
    "host": "opyat3.aternos.me",
    "port": 61782
  },
  "7691048056": [
    {
      "host": "mustafa9_313.aternos.me",
      "port": 50966
    }
  ],
  "7257453368": [
    {
      "host": "Yasser20062006-j6vw.aternos.me",
      "port": 25225
    }
  ],
  "6504594594": [
    {
      "host": "MI7MMl.aternos.me",
      "port": 54409
    }
  ],
  "8103825821": [
    {
      "host": "Misik_10k.aternos.me",
      "port": 28364
    }
  ],
  "6837878915": [
    {
      "host": "/add SMEDO_-QeSg.aternos.me",
      "port": 32989
    }
  ],
  "7628022838": [
    {
      "host": "MDR3.aternos.me",
      "port": 20614
    },
    {
      "host": "Hdhd",
      "port": null
    }
  ],
  "6710858975": [
    {
      "host": "PIRDO__.aternos.me",
      "port": 59005
    }
  ],
  "5895803388": [
    {
      "host": "JohnCraft.aternos.me",
      "port": 44945
    }
  ],
  "6550641942": [
    {
      "host": "shia3.aternos.me",
      "port": 22592
    },
    {
      "host": "shia3.aternos.me",
      "port": 22592
    }
  ],
  "8077883241": [
    {
      "host": "Alurf.aternos.me",
      "port": 12650
    }
  ],
  "7601332914": [
    {
      "host": "ZonCraftzzu.aternos.me",
      "port": 34961
    }
  ],
  "8110928300": [
    {
      "host": "MCKrAFT.aternos.me ",
      "port": 33005
    }
  ],
  "7258649300": [
    {
      "host": "ZAIN919O-4dX4.aternos.me",
      "port": 44918
    }
  ],
  "6306107927": [
    {
      "host": "https",
      "port": null
    },
    {
      "host": "https",
      "port": null
    },
    {
      "host": "https",
      "port": null
    }
  ],
  "7271270249": [
    {
      "host": "Hassan_F.aternos.me",
      "port": 14331
    }
  ],
  "6716072419": [
    {
      "host": "12304",
      "port": null
    },
    {
      "host": "12304",
      "port": null
    },
    {
      "host": "12304",
      "port": null
    },
    {
      "host": "12304",
      "port": null
    },
    {
      "host": "12304",
      "port": null
    },
    {
      "host": "12304",
      "port": null
    },
    {
      "host": "12304",
      "port": null
    },
    {
      "host": "12304",
      "port": null
    },
    {
      "host": "hdihbsofk-F6RR.aternos.me ",
      "port": 12304
    },
    {
      "host": "hdihbsofk-F6RR.aternos.me ",
      "port": 12304
    },
    {
      "host": "hdihbsofk-F6RR.aternos.me ",
      "port": 12304
    },
    {
      "host": "hdihbsofk-F6RR.aternos.me ",
      "port": 12304
    },
    {
      "host": "hdihbsofk-F6RR.aternos.me ",
      "port": 12304
    },
    {
      "host": "hdihbsofk-F6RR.aternos.me ",
      "port": 12304
    },
    {
      "host": "hdihbsofk-F6RR.aternos.me ",
      "port": 12304
    },
    {
      "host": "hdihbsofk-F6RR.aternos.me ",
      "port": 12304
    },
    {
      "host": "hdihbsofk-F6RR.aternos.me ",
      "port": 12304
    },
    {
      "host": "hdihbsofk-F6RR.aternos.me ",
      "port": 12304
    }
  ],
  "6722824903": [
    {
      "host": "RnALDO098-678R.aternos.me",
      "port": 39330
    }
  ],
  "7631045659": [
    {
      "host": "http",
      "port": null
    }
  ],
  "7015886986": [
    {
      "host": "Netherite-Craft10.aternos.me",
      "port": 43220
    }
  ],
  "7090151163": [
    {
      "host": "Botmine.aternos.me",
      "port": 27103
    },
    {
      "host": "El_m3lem.aternos.me",
      "port": 27103
    },
    {
      "host": "El_m3lem.aternos.me",
      "port": 27103
    },
    {
      "host": "El_m3lem.aternos.me",
      "port": 27103
    },
    {
      "host": "El_m3lem.aternos.me",
      "port": 27103
    }
  ],
  "6597936304": [
    {
      "host": "ahmadsaadi.aternos.me",
      "port": 34668
    },
    {
      "host": "ahmadsaadi.aternos.me",
      "port": 34668
    }
  ],
  "7511713084": [
    {
      "host": "myfriendsserverlol.aternos.me",
      "port": 56081
    },
    {
      "host": "myfriendsserverlol.aternos.me",
      "port": 56081
    }
  ],
  "7924430452": [
    {
      "host": "emerald.magmanode.com",
      "port": 29126
    }
  ],
  "6954492222": [
    {
      "host": "menahx.aternos.me",
      "port": 47273
    }
  ],
  "5583639389": [
    {
      "host": "Aboabyq.aternos.me",
      "port": 49372
    }
  ],
  "6622650423": [
    {
      "host": "add.aternos.org/Friends123",
      "port": null
    },
    {
      "host": "add.aternos.org/d9ttt",
      "port": null
    },
    {
      "host": "d9ttt.aternos.me",
      "port": 52360
    }
  ],
  "7359562436": [
    {
      "host": "world_craft-QC5n.aternos.me\n",
      "port": 47016
    }
  ],
  "7503488872": [
    {
      "host": "1234-GVEp.aternos.me",
      "port": 53068
    },
    {
      "host": "1234-GVEp.aternos.me",
      "port": 53068
    }
  ],
  "7960123775": [
    {
      "host": "host",
      "port": null
    },
    {
      "host": "host",
      "port": null
    }
  ],
  "7864421234": [
    {
      "host": "http",
      "port": null
    },
    {
      "host": "http",
      "port": null
    },
    {
      "host": "AIiMNLwera1.aternos.me",
      "port": 28374
    }
  ],
  "7933115874": [
    {
      "host": "Abode_777.aternos.me",
      "port": 59817
    }
  ],
  "7939419521": [
    {
      "host": "Anvil_Craft.aternos.me",
      "port": 24689
    }
  ],
  "6610201053": [
    {
      "host": "1234-w6bn.aternos.me",
      "port": 13956
    }
  ],
  "7509211396": [
    {
      "host": "mujtaba33.aternos.me",
      "port": 28268
    },
    {
      "host": "mujtaba33.aternos.me",
      "port": 28268
    }
  ],
  "8129123114": [
    {
      "host": "Craftnor.aternos.me",
      "port": 43072
    },
    {
      "host": "Craftnor.aternos.me",
      "port": 43072
    }
  ],
  "6705075393": [
    {
      "host": "jejsu8wy72.aternos.me",
      "port": 33325
    },
    {
      "host": "jejsu8wy72.aternos.me",
      "port": 33325
    },
    {
      "host": "jejsu8wy72.aternos.me",
      "port": 33325
    }
  ],
  "7924662324": {
    "host": "kaloha012-pU0C.aternos.me",
    "port": 41300
  },
  "6315830636": [
    {
      "host": "legendcrafftt.aternos.me",
      "port": 41001
    }
  ],
  "7823888422": [
    {
      "host": "OV11T.aternos.me",
      "port": 28171
    },
    {
      "host": "osazz.aternos.me",
      "port": 12381
    },
    {
      "host": "osazz.aternos.me",
      "port": 12381
    },
    {
      "host": "oszz.aternos.me",
      "port": 50412
    }
  ],
  "7950432115": [
    {
      "host": "knosh-Biwv.aternos.me",
      "port": 45977
    }
  ],
  "7390160722": [
    {
      "host": "king1234454637-5Vtz.aternos.me",
      "port": 46388
    }
  ],
  "7744280759": [
    {
      "host": "Ali_Osama1.aternos.me\n",
      "port": 60459
    }
  ],
  "7417050892": [
    {
      "host": "KraftCoco.aternos.me",
      "port": 57899
    }
  ],
  "5589552263": [
    {
      "host": "B_L_A_C_K3368.aternos.me",
      "port": 54029
    },
    {
      "host": "B_L_A_C_K3368.aternos.me",
      "port": 54029
    }
  ],
  "8052489866": [
    {
      "host": "dhvjsxnvf.aternos.me",
      "port": 56575
    }
  ],
  "7854547871": [
    {
      "host": "Intercraft-rv8i.aternos.me",
      "port": 64416
    }
  ],
  "6842430238": [
    {
      "host": "mohammedsnow.aternos.me",
      "port": 16506
    }
  ],
  "7662702137": [
    {
      "host": "mohamedgasm.aternos.me",
      "port": 43967
    }
  ],
  "7274554040": [
    {
      "host": "Hajon8195.aternos.me",
      "port": 56432
    },
    {
      "host": "Hajon8195.aternos.me",
      "port": 56432
    },
    {
      "host": "Hajon8195.aternos.me",
      "port": 56432
    },
    {
      "host": "Hajon8195.aternos.me",
      "port": 56432
    },
    {
      "host": "Hajon8195.aternos.me",
      "port": 56432
    }
  ],
  "6783130469": [
    {
      "host": "Rrzzk-BIr9.aternos.me",
      "port": 29001
    },
    {
      "host": "Rrzzk-BIr9.aternos.me",
      "port": 29001
    },
    {
      "host": "Rrzzk-BIr9.aternos.me",
      "port": 29001
    },
    {
      "host": "Rrzzk-BIr9.aternos.me",
      "port": 29001
    }
  ],
  "7173673099": [
    {
      "host": "…..ah5mad.aternos.me",
      "port": 32703
    }
  ],
  "5462928890": {
    "host": "jake1257283883.aternos.me",
    "port": 62182
  },
  "8008872634": [
    {
      "host": "Iiiagaming-zSyc.aternos.me",
      "port": 25628
    }
  ],
  "7843714100": [
    {
      "host": "Alphagg111.aternos.me",
      "port": 13589
    }
  ],
  "7620257894": [
    {
      "host": "krstallkraft.aternos.me",
      "port": 16111
    }
  ],
  "6630717922": {
    "host": "blodcraft-bISe.aternos.me",
    "port": 47948
  },
  "7671073443": {
    "host": "hhgfug-WHed.aternos.me",
    "port": 17810
  },
  "8144911100": {
    "host": "0000-Ho53.aternos.me",
    "port": 21883
  },
  "7700624788": {
    "host": "Abda3craf.aternos.me",
    "port": 46867
  },
  "5056463054": {
    "host": "Mailk.aternos.me",
    "port": 30236
  },
  "7159638129": {
    "host": "ClaudeCraft.aternos.me",
    "port": 25266
  },
  "6338545696": {
    "host": "Spidercraft-WzMB.aternos.me",
    "port": 38292
  },
  "6613487157": {
    "host": "friends_10.aternos.me",
    "port": 44032
  },
  "7052877436": {
    "host": "sz3tq-0fAw.aternos.me ",
    "port": 30944
  },
  "7962778821": {
    "host": "ways24.aternos.me",
    "port": 35360
  },
  "6680113425": {
    "host": "kingdomofblocks-JdEm.aternos.me",
    "port": 19834
  },
  "7727320704": {
    "host": "Stone_Craft-0sSd.aternos.me",
    "port": 25287
  },
  "6887809668": {
    "host": "MThnaa123-G2Te.aternos.me",
    "port": 45986
  },
  "7275318182": {
    "host": "Thehappyone77.aternos.me",
    "port": 38167
  },
  "7268996401": {
    "host": "gbcvdndb.aternos.me",
    "port": 49141
  },
  "6637176397": {
    "host": "TRX-HARD.aternos.me",
    "port": 27996
  },
  "6956310757": {
    "host": "mahmoudahm.aternos.me",
    "port": 30838
  },
  "7296750259": {
    "host": "Mohammed_amk-AiYL.aternos.me",
    "port": 56878
  },
  "7657665833": {
    "host": "host",
    "port": null
  },
  "6258832595": {
    "host": "shafl2006.aternos.me",
    "port": 35990
  },
  "5851631277": {
    "host": "host",
    "port": 7
  },
  "6053332637": {
    "host": "host",
    "port": null
  },
  "7186372969": {
    "host": "Fahmy2010.aternos.me",
    "port": 13551
  },
  "8021876444": {
    "host": "teamosmp.aternos.me",
    "port": 34856
  },
  "8050979157": {
    "host": "Jordan_900kdl.aternos.me",
    "port": 27291
  },
  "7658723563": {
    "host": "Golden_legend.aternos.me",
    "port": 57888
  },
  "6424224057": {
    "host": "hassanein2828haider.aternos.me",
    "port": 34819
  },
  "7987522890": {
    "host": "fahadsss.aternos.me",
    "port": 28857
  },
  "7331332356": {
    "host": "http",
    "port": null
  },
  "7147150360": {
    "host": "Aliooo999.aternos.me",
    "port": 28886
  },
  "5131451204": {
    "host": "Ghxs.aternos.me",
    "port": 41660
  },
  "7861574038": {
    "host": "Ahmeabrade-lZJe.aternos.me",
    "port": 46307
  },
  "7308265235": {
    "host": "Alishfjsjz.aternos.me",
    "port": 20580
  },
  "5690899932": {
    "host": "Ms7632.aternos.me",
    "port": 55329
  },
  "7337183953": {
    "host": "ARAB_STEEL.aternos.me",
    "port": 42053
  },
  "7168890759": {
    "host": "host ",
    "port": null
  },
  "6956113189": {
    "host": "Rick1107252.aternos.me",
    "port": 13224
  },
  "7807798758": {
    "host": "craft_man111-J1eE.aternos.me",
    "port": 19050
  },
  "7765742589": {
    "host": "host",
    "port": null
  },
  "5191198691": {
    "host": "Hi_Bro_WU.aternos.me",
    "port": 27933
  },
  "5463168104": {
    "host": "IraqCraftS1-F68h.aternos.me",
    "port": 47439
  },
  "7823773231": {
    "host": "REDA7365.aternos.me",
    "port": 23340
  },
  "7174672857": {
    "host": "royalgamers26-Pko4.aternos.me",
    "port": 51245
  },
  "7828729909": {
    "host": "Ademrayen.aternos.me",
    "port": 15603
  },
  "7442910971": {
    "host": "ALOK_YT1.aternos.me",
    "port": 35734
  },
  "6810715035": {
    "host": "saif3326.aternos.me",
    "port": 34167
  },
  "6451073316": {
    "host": "1234-CpT5.aternos.me",
    "port": 46431
  },
  "8098687466": {
    "host": "MLM7IOO.aternos.me",
    "port": 48247
  },
  "5941741455": {
    "host": "Jafar090-bp0N.aternos.me",
    "port": 20547
  },
  "7420024032": {
    "host": "https",
    "port": null
  },
  "5787258811": {
    "host": "JubaIraq.aternos.me",
    "port": 55589
  },
  "7100408236": {
    "host": "gogomomobobo.aternos.me",
    "port": 61809
  },
  "6649719951": {
    "host": "HusseinKraft.aternos.me",
    "port": 58303
  },
  "7982926359": {
    "host": "1234-Sv1C.aternos.me",
    "port": 19132
  },
  "7441275058": {
    "host": "SAERFR1.aternos.me",
    "port": 49753
  },
  "5030077079": {
    "host": "Saba_Craft.aternos.me",
    "port": 39463
  },
  "7673348193": {
    "host": "SN_BONY.exaroton.me",
    "port": 63467
  },
  "6445805883": {
    "host": "Naka19aki.aternos.me",
    "port": 64743
  },
  "6206421972": {
    "host": "L_Fantasy.aternos.me\n ",
    "port": 54370
  },
  "7128546305": {
    "host": "wissam3633.aternos.me",
    "port": 50778
  },
  "6658261002": {
    "host": "kjhsusshbx.aternos.me",
    "port": 29902
  },
  "7413317792": {
    "host": "Sarko.aternos.me",
    "port": 52393
  },
  "6483126239": {
    "host": "RAQmh-HiiP.aternos.me",
    "port": 24673
  },
  "7398191066": {
    "host": "haatemm-1Pwo.aternos.me",
    "port": 45656
  },
  "8003091842": {
    "host": "Ali2013Ali-tEHk.aternos.me",
    "port": 23892
  },
  "7870278791": {
    "host": "Earthcraft-mRsi-bCmW.aternos.me",
    "port": 28681
  },
  "8207849513": {
    "host": "Mostafa_7654.aternos.me",
    "port": 43897
  },
  "8416299850": {
    "host": "to__for.aternos.me",
    "port": 28304
  },
  "8375576499": {
    "host": "kmohamed01.aternos.me",
    "port": 37027
  },
  "7809207130": {
    "host": "ASDF000-OdiM.aternos.me",
    "port": 36191
  },
  "6140534100": {
    "host": "S4RCO.aternos.me",
    "port": 24728
  },
  "7167090591": {
    "host": "a287.aternos.me",
    "port": 11361
  },
  "5795859757": {
    "host": "FMNR7.aternos.me",
    "port": 41924
  },
  "6409729724": {
    "host": "Naji103.aternos.me",
    "port": 12500
  },
  "6896358657": {
    "host": "IRTHCRAFT-BkZU.aternos.me",
    "port": 53472
  },
  "5751785814": {
    "host": "Dksjsb3838K-Xq0B.aternos.me",
    "port": 19540
  },
  "8453565963": {
    "host": "coldMc010.aternos.me",
    "port": 49107
  },
  "5594283748": {
    "host": "AHMEDRTX190190-09lV.aternos.me",
    "port": 52184
  },
  "7797434612": {
    "host": "Tarq22154.aternos.me",
    "port": 34641
  },
  "7474981228": {
    "host": "emerald.magmanode.com",
    "port": 31773
  },
  "7253463922": {
    "host": "KaboomMC2.aternos.me",
    "port": 31690
  },
  "8105642662": {
    "host": "moaaz889.aternos.me",
    "port": 22688
  },
  "5338724167": {
    "host": "KAISERKARASU.aternos.me",
    "port": 61836
  },
  "7442370584": {
    "host": "KHALD505.aternos.me",
    "port": 38588
  },
  "7227069008": {
    "host": "MA12-xoW1.aternos.me",
    "port": 50936
  }
}